Pre,Actual
0.7757,1.0
0.7757,1.0
0.7757,1.0
0.7757,1.0
0.7757,1.0
0.7757,1.0
0.7757,1.0
0.7757,1.0
0.7757,1.0
0.7757,1.0
0.7757,1.0
0.7757,1.0
0.7757,1.0
0.7757,1.0
0.7757,1.0
0.7757,1.0
0.7757,1.0
0.7757,1.0
0.7757,1.0
0.7757,1.0
0.7757,1.0
0.7757,1.0
0.7757,1.0
0.7757,1.0
0.7757,1.0
0.7757,1.0
0.7757,1.0
0.7757,1.0
0.7757,1.0
0.7757,1.0
0.7757,1.0
0.7757,1.0
0.7757,1.0
0.7757,1.0
0.7757,1.0
0.7757,1.0
0.7757,1.0
0.7757,1.0
0.7757,1.0
0.7757,1.0
0.7757,1.0
0.7757,1.0
0.7757,1.0
0.7757,1.0
0.7757,1.0
0.7757,1.0
0.7757,1.0
0.7757,1.0
0.7757,1.0
0.7757,1.0
0.7757,1.0
0.7757,1.0
0.7757,1.0
0.7757,1.0
0.7757,1.0
0.7757,1.0
0.7757,1.0
0.7757,1.0
0.7757,1.0
0.7757,1.0
0.7757,1.0
0.7757,1.0
0.7757,1.0
0.7757,1.0
0.7757,1.0
0.7757,1.0
0.7757,1.0
0.7757,1.0
0.7757,1.0
0.7757,1.0
0.7757,1.0
0.7757,1.0
0.7757,1.0
0.7757,1.0
0.7757,1.0
0.7757,1.0
0.7757,1.0
0.7757,1.0
0.7757,1.0
0.7757,1.0
0.7757,1.0
0.7757,1.0
0.7757,1.0
0.7757,1.0
0.7757,1.0
0.7757,1.0
0.7757,1.0
0.7757,1.0
0.7757,1.0
0.7757,1.0
0.7757,1.0
0.7757,1.0
0.7757,1.0
0.7757,1.0
0.7757,1.0
0.7757,1.0
0.7757,1.0
0.7757,1.0
0.7757,1.0
0.7757,1.0
0.7757,1.0
0.7757,1.0
0.7757,1.0
0.7757,1.0
0.7757,1.0
0.7757,1.0
0.7757,1.0
0.7757,1.0
0.7757,1.0
0.7757,1.0
0.7757,1.0
0.7757,1.0
0.7757,1.0
0.7757,1.0
0.7757,1.0
0.7757,1.0
0.7757,1.0
0.7757,1.0
0.7757,1.0
0.7757,1.0
0.7757,1.0
0.7757,1.0
0.7757,1.0
0.7757,1.0
0.7757,1.0
0.7757,1.0
0.7757,1.0
0.7757,1.0
0.7757,1.0
0.7757,1.0
0.7757,1.0
0.7757,1.0
0.7757,1.0
0.7757,1.0
0.7757,1.0
0.7757,1.0
0.7757,1.0
0.7757,1.0
0.7757,1.0
0.7757,1.0
0.7757,1.0
0.7757,1.0
0.7757,1.0
0.7757,1.0
0.7757,1.0
0.7757,1.0
0.7757,1.0
0.7757,1.0
0.7757,1.0
0.7757,1.0
0.7757,1.0
0.7757,1.0
0.7757,1.0
0.7757,1.0
0.7757,1.0
0.7757,1.0
0.7757,1.0
0.7757,1.0
0.7757,1.0
0.7757,1.0
0.7757,1.0
0.7757,1.0
0.7757,1.0
0.7757,1.0
0.7757,1.0
0.7757,1.0
0.7757,1.0
0.7757,1.0
0.7757,1.0
0.7757,1.0
0.7757,1.0
0.7757,1.0
0.7757,1.0
0.7757,1.0
0.7757,1.0
0.7757,1.0
0.7757,1.0
0.7757,1.0
0.7757,1.0
0.7757,1.0
0.7757,1.0
0.7757,1.0
0.7757,1.0
0.7757,1.0
0.7757,1.0
0.7757,1.0
0.7757,1.0
0.7757,1.0
0.7757,1.0
0.7757,1.0
0.7757,1.0
0.7757,1.0
0.7757,1.0
0.7757,1.0
0.7757,1.0
0.7757,1.0
0.7757,1.0
0.7757,1.0
0.7757,1.0
0.7757,1.0
0.7757,1.0
0.7757,1.0
0.7757,1.0
0.7757,1.0
0.7757,1.0
0.7757,1.0
0.7757,1.0
0.7757,1.0
0.7757,1.0
0.7757,1.0
0.7757,1.0
0.7757,1.0
0.7757,1.0
0.7757,1.0
0.7757,1.0
0.7757,1.0
0.7757,1.0
0.7757,1.0
0.7757,1.0
0.7757,1.0
0.7757,1.0
0.7757,1.0
0.7757,1.0
0.7757,1.0
0.7757,1.0
0.7757,1.0
0.7757,1.0
0.7757,1.0
0.7757,1.0
0.7757,1.0
0.7757,1.0
0.7757,1.0
0.7757,1.0
0.7757,1.0
0.7757,1.0
0.7757,1.0
0.7757,1.0
0.7757,1.0
0.7757,1.0
0.7757,1.0
0.7757,1.0
0.7757,1.0
0.7757,1.0
0.7757,1.0
0.7757,1.0
0.7757,1.0
0.7757,1.0
0.7757,1.0
0.7757,1.0
0.7757,1.0
0.7757,1.0
0.7757,1.0
0.7757,1.0
0.7757,1.0
0.7757,1.0
0.7757,1.0
0.7757,1.0
0.7757,1.0
0.7757,1.0
0.7757,1.0
0.7757,1.0
0.7757,1.0
0.7757,1.0
0.7757,1.0
0.7757,1.0
0.7757,1.0
0.7757,1.0
0.7757,1.0
0.7757,1.0
0.7757,1.0
0.7757,1.0
0.7757,1.0
0.7757,1.0
0.7757,1.0
0.7757,1.0
0.7757,1.0
0.7757,1.0
0.7757,1.0
0.7757,1.0
0.7757,1.0
0.7757,1.0
0.7757,1.0
0.7757,1.0
0.7757,1.0
0.7757,1.0
0.7757,1.0
0.7757,1.0
0.7757,1.0
0.7757,1.0
0.7757,1.0
0.7757,1.0
0.7757,1.0
0.7757,1.0
0.7757,1.0
0.7757,1.0
0.7757,1.0
0.7757,1.0
0.7757,1.0
0.7757,1.0
0.7757,1.0
0.7757,1.0
0.7757,1.0
0.7757,1.0
0.7757,1.0
0.7757,1.0
0.7757,1.0
0.7757,1.0
0.7757,1.0
0.7757,1.0
0.7757,1.0
0.7757,1.0
0.7757,1.0
0.7757,1.0
0.7757,1.0
0.7757,1.0
0.7757,1.0
0.7757,1.0
0.7757,1.0
0.7757,1.0
0.7757,1.0
0.7757,1.0
0.7757,1.0
0.7757,1.0
0.7757,1.0
0.7757,1.0
0.7757,1.0
0.7757,1.0
0.7757,1.0
0.7757,1.0
0.7757,1.0
0.7757,1.0
0.7757,1.0
0.7757,1.0
0.7757,1.0
0.7757,1.0
0.7757,1.0
0.7757,1.0
0.7757,1.0
0.7757,1.0
0.7757,1.0
0.7757,1.0
0.7757,1.0
0.7757,1.0
0.7757,1.0
0.7757,1.0
0.7757,1.0
0.7757,1.0
0.7757,1.0
0.7757,1.0
0.7757,1.0
0.7757,1.0
0.7757,1.0
0.7757,1.0
0.7757,1.0
0.7757,1.0
0.7757,1.0
0.7757,1.0
0.7757,1.0
0.7757,1.0
0.7757,1.0
0.7757,1.0
0.7757,1.0
0.7757,1.0
0.7757,1.0
0.7757,1.0
0.7757,1.0
0.7757,1.0
0.7757,1.0
0.7757,1.0
0.7757,1.0
0.7757,1.0
0.7757,1.0
0.7757,1.0
0.7757,1.0
0.7757,1.0
0.7757,1.0
0.7757,1.0
0.7757,1.0
0.7757,1.0
0.7757,1.0
0.7757,1.0
0.7757,1.0
0.7757,1.0
0.7757,1.0
0.7757,1.0
0.7757,1.0
0.7757,1.0
0.7757,1.0
0.7757,1.0
0.7757,1.0
0.7757,1.0
0.7757,1.0
0.7757,1.0
0.7757,1.0
0.7757,1.0
0.7757,1.0
0.7757,1.0
0.7757,1.0
0.7757,1.0
0.7757,1.0
0.7757,1.0
0.7757,1.0
0.7757,1.0
0.7757,1.0
0.7757,1.0
0.7757,1.0
0.7757,1.0
0.7757,1.0
0.7757,1.0
0.7757,1.0
0.7757,1.0
0.7757,1.0
0.7757,1.0
0.7757,1.0
0.7757,1.0
0.7757,1.0
0.7757,1.0
0.7757,1.0
0.7757,1.0
0.7757,1.0
0.7757,1.0
0.7757,1.0
0.7757,1.0
0.7757,1.0
0.7757,1.0
0.7757,1.0
0.7757,1.0
0.7757,1.0
0.7757,1.0
0.7757,1.0
0.7757,1.0
0.7757,1.0
0.7757,1.0
0.7757,1.0
0.7757,1.0
0.7757,1.0
0.7757,1.0
0.7757,1.0
0.7757,1.0
0.7757,1.0
0.7757,1.0
0.7757,1.0
0.7757,1.0
0.7757,1.0
0.7757,1.0
0.7757,1.0
0.7757,1.0
0.7757,1.0
0.7757,1.0
0.7757,1.0
0.7757,1.0
0.7757,1.0
0.7757,1.0
0.7757,1.0
0.7757,1.0
0.7757,1.0
0.7757,1.0
0.7757,1.0
0.7757,1.0
0.7757,1.0
0.7757,1.0
0.7757,1.0
0.7757,1.0
0.7757,1.0
0.7757,1.0
0.7757,1.0
0.7757,1.0
0.7757,1.0
0.7757,1.0
0.7757,1.0
0.7757,1.0
0.7757,1.0
0.7757,1.0
0.7757,1.0
0.7757,1.0
0.7757,1.0
0.7757,1.0
0.7757,1.0
0.7757,1.0
0.7757,1.0
0.7757,1.0
0.7757,1.0
0.7757,1.0
0.7757,1.0
0.7757,1.0
0.7757,1.0
0.7757,1.0
0.7757,1.0
0.7757,1.0
0.7757,1.0
0.7757,1.0
0.7757,1.0
0.7757,1.0
0.7757,1.0
0.7757,1.0
0.7757,1.0
0.7757,1.0
0.7757,1.0
0.7757,1.0
0.7757,1.0
0.7757,1.0
0.7757,1.0
0.7757,1.0
0.7757,1.0
0.7757,1.0
0.7757,1.0
0.7757,1.0
0.7757,1.0
0.7757,1.0
0.7757,1.0
0.7757,1.0
0.7757,1.0
0.7757,1.0
0.7757,1.0
0.7757,1.0
0.7757,1.0
0.7757,1.0
0.7757,1.0
0.7757,1.0
0.7757,1.0
0.7757,1.0
0.7757,1.0
0.7757,1.0
0.7757,1.0
0.7757,1.0
0.7757,1.0
0.7757,1.0
0.7757,1.0
0.7757,1.0
0.7757,1.0
0.7757,1.0
0.7757,1.0
0.7757,1.0
0.7757,1.0
0.7757,1.0
0.7757,1.0
0.7757,1.0
0.7757,1.0
0.7757,1.0
0.7757,1.0
0.7757,1.0
0.7757,1.0
0.7757,1.0
0.7757,1.0
0.7757,1.0
0.7757,1.0
0.7757,1.0
0.7757,1.0
0.7757,1.0
0.7757,1.0
0.7757,1.0
0.7757,1.0
0.7757,1.0
0.7757,1.0
0.7757,1.0
0.7757,1.0
0.7757,1.0
0.7757,1.0
0.7757,1.0
0.7757,1.0
0.7757,1.0
0.7757,1.0
0.7757,1.0
0.7757,1.0
0.7757,1.0
0.7757,1.0
0.7757,1.0
0.7757,1.0
0.7757,1.0
0.7757,1.0
0.7757,1.0
0.7757,1.0
0.7757,1.0
0.7757,1.0
0.7757,1.0
0.7757,1.0
0.7757,1.0
0.7757,1.0
0.7757,1.0
0.7757,1.0
0.7757,1.0
0.7757,1.0
0.7757,1.0
0.7757,1.0
0.7757,1.0
0.7757,1.0
0.7757,1.0
0.7757,1.0
0.7757,1.0
0.7757,1.0
0.7757,1.0
0.7757,1.0
0.7757,1.0
0.7757,1.0
0.7757,1.0
0.7757,1.0
0.7757,1.0
0.7757,1.0
0.7757,1.0
0.7757,1.0
0.7757,1.0
0.7757,1.0
0.7757,1.0
0.7757,1.0
0.7757,1.0
0.7757,1.0
0.7757,1.0
0.7757,1.0
0.7757,1.0
0.7757,1.0
0.7757,1.0
0.7757,1.0
0.7757,1.0
0.7757,1.0
0.7757,1.0
0.7757,1.0
0.7757,1.0
0.7757,1.0
0.7757,1.0
0.7757,1.0
0.7757,1.0
0.7757,1.0
0.7757,1.0
0.7757,1.0
0.7757,1.0
0.7757,1.0
0.7757,1.0
0.7757,1.0
0.7757,1.0
0.7757,1.0
0.7757,1.0
0.7757,1.0
0.7757,1.0
0.7757,1.0
0.7757,1.0
0.7757,1.0
0.7757,1.0
0.7757,1.0
0.7757,1.0
0.7757,1.0
0.7757,1.0
0.7757,1.0
0.7757,1.0
0.7757,1.0
0.7757,1.0
0.7757,1.0
0.7757,1.0
0.7757,1.0
0.7757,1.0
0.7757,1.0
0.7757,1.0
0.7757,1.0
0.7757,1.0
0.7757,1.0
0.7757,1.0
0.7757,1.0
0.7757,1.0
0.7757,1.0
0.7757,1.0
0.7757,1.0
0.7757,1.0
0.7757,1.0
0.7757,1.0
0.7757,1.0
0.7757,1.0
0.7757,1.0
0.7757,1.0
0.7757,1.0
0.7757,1.0
0.7757,1.0
0.7757,1.0
0.7757,1.0
0.7757,1.0
0.7757,1.0
0.7757,1.0
0.7757,1.0
0.7757,1.0
0.7757,1.0
0.7757,1.0
0.7757,1.0
0.7757,1.0
0.7757,1.0
0.7757,1.0
0.7757,1.0
0.7757,1.0
0.7757,1.0
0.7757,1.0
0.7757,1.0
0.7757,1.0
0.7757,1.0
0.7757,1.0
0.7757,1.0
0.7757,1.0
0.7757,1.0
0.7757,1.0
0.7757,1.0
0.7757,1.0
0.7757,1.0
0.7757,1.0
0.7757,1.0
0.7757,1.0
0.7757,1.0
0.7757,1.0
0.7757,1.0
0.7757,1.0
0.7757,1.0
0.7757,1.0
0.7757,1.0
0.7757,1.0
0.7757,1.0
0.7757,1.0
0.7757,1.0
0.7757,1.0
0.7757,1.0
0.7757,1.0
0.7757,1.0
0.7757,1.0
0.7757,1.0
0.7757,1.0
0.7757,1.0
0.7757,1.0
0.7757,1.0
0.7757,1.0
0.7757,1.0
0.7757,1.0
0.7757,1.0
0.7757,1.0
0.7757,1.0
0.7757,1.0
0.7757,1.0
0.7757,1.0
0.7757,1.0
0.7757,1.0
0.7757,1.0
0.7757,1.0
0.7757,1.0
0.7757,1.0
0.7757,1.0
0.7757,1.0
0.7757,1.0
0.7757,1.0
0.7757,1.0
0.7757,1.0
0.7757,1.0
0.7757,1.0
0.7757,1.0
0.7757,1.0
0.7757,1.0
0.7757,1.0
0.7757,1.0
0.7757,1.0
0.7757,1.0
0.7757,1.0
0.7757,1.0
0.7757,1.0
0.7757,1.0
0.7757,1.0
0.7757,1.0
0.7757,1.0
0.7757,1.0
0.7757,1.0
0.7757,1.0
0.7757,1.0
0.7757,1.0
0.7757,1.0
0.7757,1.0
0.7757,1.0
0.7757,1.0
0.7757,1.0
0.7757,1.0
0.7757,1.0
0.7757,1.0
0.7757,1.0
0.7757,1.0
0.7757,1.0
0.7757,1.0
0.7757,1.0
0.7757,1.0
0.7757,1.0
0.7757,1.0
0.7757,1.0
0.7757,1.0
0.7757,1.0
0.7757,1.0
0.7757,1.0
0.7757,1.0
0.7757,1.0
0.7757,1.0
0.7757,1.0
0.7757,1.0
0.7757,1.0
0.7757,1.0
0.7757,1.0
0.7757,1.0
0.7757,1.0
0.7757,1.0
0.7757,1.0
0.7757,1.0
0.7757,1.0
0.7757,1.0
0.7757,1.0
0.7757,1.0
0.7757,1.0
0.7757,1.0
0.7757,1.0
0.7757,1.0
0.7757,1.0
0.7757,1.0
0.7757,1.0
0.7757,1.0
0.7757,1.0
0.7757,1.0
0.7757,1.0
0.7757,1.0
0.7757,1.0
0.7757,1.0
0.7757,1.0
0.7757,1.0
0.7757,1.0
0.7757,1.0
0.7757,1.0
0.7757,1.0
0.7757,1.0
0.7757,1.0
0.7757,1.0
0.7757,1.0
0.7757,1.0
0.7757,1.0
0.7757,1.0
0.7757,1.0
0.7757,1.0
0.7757,1.0
0.7757,1.0
0.7757,1.0
0.7757,1.0
0.7757,1.0
0.7757,1.0
0.7757,1.0
0.7757,1.0
0.7757,1.0
0.7757,1.0
0.7757,1.0
0.7757,1.0
0.7757,1.0
0.7757,1.0
0.7757,1.0
0.7757,1.0
0.7757,1.0
0.7757,1.0
0.7757,1.0
0.7757,1.0
0.7757,1.0
0.7757,1.0
0.7757,1.0
0.7757,1.0
0.7757,1.0
0.7757,1.0
0.7757,1.0
0.7757,1.0
0.7757,1.0
0.7757,1.0
0.7757,1.0
0.7757,1.0
0.7757,1.0
0.7757,1.0
0.7757,1.0
0.7757,1.0
0.7757,1.0
0.7757,1.0
0.7757,1.0
0.7757,1.0
0.7757,1.0
0.7757,1.0
0.7757,1.0
0.7757,1.0
0.7757,1.0
0.7757,1.0
0.7757,1.0
0.7757,1.0
0.7757,1.0
0.7757,1.0
0.7757,1.0
0.7757,1.0
0.7757,1.0
0.7757,1.0
0.7757,1.0
0.7757,1.0
0.7757,1.0
0.7757,1.0
0.7757,1.0
0.7757,1.0
0.7757,1.0
0.7757,1.0
0.7757,1.0
0.7757,1.0
0.7757,1.0
0.7757,1.0
0.7757,1.0
0.7757,1.0
0.7757,1.0
0.7757,1.0
0.7757,1.0
0.7757,1.0
0.7757,1.0
0.7757,1.0
0.7757,1.0
0.7757,1.0
0.7757,1.0
0.7757,1.0
0.7757,1.0
0.7757,1.0
0.7757,1.0
0.7757,1.0
0.7757,1.0
0.7757,1.0
0.7757,1.0
0.7757,1.0
0.7757,1.0
0.7757,1.0
0.7757,1.0
0.7757,1.0
0.7757,1.0
0.7757,1.0
0.7757,1.0
0.7757,1.0
0.7757,1.0
0.7757,1.0
0.7757,1.0
0.7757,1.0
0.7757,1.0
0.7757,1.0
0.7757,1.0
0.7757,1.0
0.7757,1.0
0.7757,1.0
0.7757,1.0
0.7757,1.0
0.7757,1.0
0.7757,1.0
0.7757,1.0
0.7757,1.0
0.7757,1.0
0.7757,1.0
0.7757,1.0
0.7757,1.0
0.7757,1.0
0.7757,1.0
0.7757,1.0
0.7757,1.0
0.7757,1.0
0.7757,1.0
0.7757,1.0
0.7757,1.0
0.7757,1.0
0.7757,1.0
0.7757,1.0
0.7757,1.0
0.7757,1.0
0.7757,1.0
0.7757,1.0
0.7757,1.0
0.7757,1.0
0.7757,1.0
0.7757,1.0
0.7757,1.0
0.7757,1.0
0.7757,1.0
0.7757,1.0
0.7757,1.0
0.7757,1.0
0.7757,1.0
0.7757,1.0
0.7757,1.0
0.7757,1.0
0.7757,1.0
0.7757,1.0
0.7757,1.0
0.7757,1.0
0.7757,1.0
0.7757,1.0
0.7757,1.0
0.7757,1.0
0.7757,1.0
0.7757,1.0
0.7757,1.0
0.7757,1.0
0.7757,1.0
0.7757,1.0
0.7757,1.0
0.7757,1.0
0.7757,1.0
0.7757,1.0
0.7757,1.0
0.7757,1.0
0.7757,1.0
0.7757,1.0
0.7757,1.0
0.7757,1.0
0.7757,1.0
0.7757,1.0
0.7757,1.0
0.7757,1.0
0.7757,1.0
0.7757,1.0
0.7757,1.0
0.7757,1.0
0.7757,1.0
0.7757,1.0
0.7757,1.0
0.7757,1.0
0.7757,1.0
0.7757,1.0
0.7757,1.0
0.7757,1.0
0.7757,1.0
0.7757,1.0
0.7757,1.0
0.7757,1.0
0.7757,1.0
0.7757,1.0
0.7757,1.0
0.7757,1.0
0.7757,1.0
0.7757,1.0
0.7757,1.0
0.7757,1.0
0.7757,1.0
0.7757,1.0
0.7757,1.0
0.7757,1.0
0.7757,1.0
0.7757,1.0
0.7757,1.0
0.7757,1.0
0.7757,1.0
0.7757,1.0
0.7757,1.0
0.7757,1.0
0.7757,1.0
0.7757,1.0
0.7757,1.0
0.7757,1.0
0.7757,1.0
0.7757,1.0
0.7757,1.0
0.7757,1.0
0.7757,1.0
0.7757,1.0
0.7757,1.0
0.7757,1.0
0.7757,1.0
0.7757,1.0
0.7757,1.0
0.7757,1.0
0.7757,1.0
0.7757,1.0
0.7757,1.0
0.7757,1.0
0.7757,1.0
0.7757,1.0
0.7757,1.0
0.7757,1.0
0.7757,1.0
0.7757,1.0
0.7757,1.0
0.7757,1.0
0.7757,1.0
0.7757,1.0
0.7757,1.0
0.7757,1.0
0.7757,1.0
0.7757,1.0
0.7757,1.0
0.7757,1.0
0.7757,1.0
0.7757,1.0
0.7757,1.0
0.7757,1.0
0.7757,1.0
0.7757,1.0
0.7757,1.0
0.7757,1.0
0.7757,1.0
0.7757,1.0
0.7757,1.0
0.7757,1.0
0.7757,1.0
0.7757,1.0
0.7757,1.0
0.7757,1.0
0.7757,1.0
0.7757,1.0
0.7757,1.0
0.7757,1.0
0.7757,1.0
0.7757,1.0
0.7757,1.0
0.7757,1.0
0.7757,1.0
0.7757,1.0
0.7757,1.0
0.7757,1.0
0.7757,1.0
0.7757,1.0
0.7757,1.0
0.7757,1.0
0.7757,1.0
0.7757,1.0
0.7757,1.0
0.7757,1.0
0.7757,1.0
0.7757,1.0
0.7757,1.0
0.7757,1.0
0.7757,1.0
0.7757,1.0
0.7757,1.0
0.7757,1.0
0.7757,1.0
0.7757,1.0
0.7757,1.0
0.7757,1.0
0.7757,1.0
0.7757,1.0
0.7757,1.0
0.7757,1.0
0.7757,1.0
0.7757,1.0
0.7757,1.0
0.7757,1.0
0.7757,1.0
0.7757,1.0
0.7757,1.0
0.7757,1.0
0.7757,1.0
0.7757,1.0
0.7757,1.0
0.7757,1.0
0.7757,1.0
0.7757,1.0
0.7757,1.0
0.7757,1.0
0.7757,1.0
0.7757,1.0
0.7757,1.0
0.7757,1.0
0.7757,1.0
0.7757,1.0
0.7757,1.0
0.7757,1.0
0.7757,1.0
0.7757,1.0
0.7757,1.0
0.7757,1.0
0.7757,1.0
0.7757,1.0
0.7757,1.0
0.7757,1.0
0.7757,1.0
0.7757,1.0
0.7757,1.0
0.7757,1.0
0.7757,1.0
0.7757,1.0
0.7757,1.0
0.7757,1.0
0.7757,1.0
0.7757,1.0
0.7757,1.0
0.7757,1.0
0.7757,1.0
0.7757,1.0
0.7757,1.0
0.7757,1.0
0.7757,1.0
0.7757,1.0
0.7757,1.0
0.7757,1.0
0.7757,1.0
0.7757,1.0
0.7757,1.0
0.7757,1.0
0.7757,1.0
0.7757,1.0
0.7757,1.0
0.7757,1.0
0.7757,1.0
0.7757,1.0
0.7757,1.0
0.7757,1.0
0.7757,1.0
0.7757,1.0
0.7757,1.0
0.7757,1.0
0.7757,1.0
0.7757,1.0
0.7757,1.0
0.7757,1.0
0.7757,1.0
0.7757,1.0
0.7757,1.0
0.7757,1.0
0.7757,1.0
0.7757,1.0
0.7757,1.0
0.7757,1.0
0.7757,1.0
0.7757,1.0
0.7757,1.0
0.7757,1.0
0.7757,1.0
0.7757,1.0
0.7757,1.0
0.7757,1.0
0.7757,1.0
0.7757,1.0
0.7757,1.0
0.7757,1.0
0.7757,1.0
0.7757,1.0
0.7757,1.0
0.7757,1.0
0.7757,1.0
0.7757,1.0
0.7757,1.0
0.7757,1.0
0.7757,1.0
0.7757,1.0
0.7757,1.0
0.7757,1.0
0.7757,1.0
0.7757,1.0
0.7757,1.0
0.7757,1.0
0.7757,1.0
0.7757,1.0
0.7757,1.0
0.7757,1.0
0.7757,1.0
0.7757,1.0
0.7757,1.0
0.7757,1.0
0.7757,1.0
0.7757,1.0
0.7757,1.0
0.7757,1.0
0.7757,1.0
0.7757,1.0
0.7757,1.0
0.7757,1.0
0.7757,1.0
0.7757,1.0
0.7757,1.0
0.7757,1.0
0.7757,1.0
0.7757,1.0
0.7757,1.0
0.7757,1.0
0.7757,1.0
0.7757,1.0
0.7757,1.0
0.7757,1.0
0.7757,1.0
0.7757,1.0
0.7757,1.0
0.7757,1.0
0.7757,1.0
0.7757,1.0
0.7757,1.0
0.7757,1.0
0.7757,1.0
0.7757,1.0
0.7757,1.0
0.7757,1.0
0.7757,1.0
0.7757,1.0
0.7757,1.0
0.7757,1.0
0.7757,1.0
0.7757,1.0
0.7757,1.0
0.7757,1.0
0.7757,1.0
0.7757,1.0
0.7757,1.0
0.7757,1.0
0.7757,1.0
0.7757,1.0
0.7757,1.0
0.7757,1.0
0.7757,1.0
0.7757,1.0
0.7757,1.0
0.7757,1.0
0.7757,1.0
0.7757,1.0
0.7757,1.0
0.7757,1.0
0.7757,1.0
0.7757,1.0
0.7757,1.0
0.7757,1.0
0.7757,1.0
0.7757,1.0
0.7757,1.0
0.7757,1.0
0.7757,1.0
0.7757,1.0
0.7757,1.0
0.7757,1.0
0.7757,1.0
0.7757,1.0
0.7757,1.0
0.7757,1.0
0.7757,1.0
0.7757,1.0
0.7757,1.0
0.7757,1.0
0.7757,1.0
0.7757,1.0
0.7757,1.0
0.7757,1.0
0.7757,1.0
0.7757,1.0
0.7757,1.0
0.7757,1.0
0.7757,1.0
0.7757,1.0
0.7757,1.0
0.7757,1.0
0.7757,1.0
0.7757,1.0
0.7757,1.0
0.7757,1.0
0.7757,1.0
0.7757,1.0
0.7757,1.0
0.7757,1.0
0.7757,1.0
0.7757,1.0
0.7757,1.0
0.7757,1.0
0.7757,1.0
0.7757,1.0
0.7757,1.0
0.7757,1.0
0.7757,1.0
0.7757,1.0
0.7757,1.0
0.7757,1.0
0.7757,1.0
0.7757,1.0
0.7757,1.0
0.7757,1.0
0.7757,1.0
0.7757,1.0
0.7757,1.0
0.7757,1.0
0.7757,1.0
0.7757,1.0
0.7757,1.0
0.7757,1.0
0.7757,1.0
0.7757,1.0
0.7757,1.0
0.7757,1.0
0.7757,1.0
0.7757,1.0
0.7757,1.0
0.7757,1.0
0.7757,1.0
0.7757,1.0
0.7757,1.0
0.7757,1.0
0.7757,1.0
0.7757,1.0
0.7757,1.0
0.7757,1.0
0.7757,1.0
0.7757,1.0
0.7757,1.0
0.7757,1.0
0.7757,1.0
0.7757,1.0
0.7757,1.0
0.7757,1.0
0.7757,1.0
0.7757,1.0
0.7757,1.0
0.7757,1.0
0.7757,1.0
0.7757,1.0
0.7757,1.0
0.7757,1.0
0.7757,1.0
0.7757,1.0
0.7757,1.0
0.7757,1.0
0.7757,1.0
0.7757,1.0
0.7757,1.0
0.7757,1.0
0.7757,0.99929
0.7757,0.99857
0.7757,0.99786
0.7757,0.99714
0.7757,0.99643
0.7757,0.99572
0.7757,0.995
0.7757,0.99429
0.7757,0.99358
0.7757,0.99286
0.7757,0.99215
0.7757,0.99144
0.7757,0.99072
0.7757,0.99001
0.7757,0.98929
0.7757,0.98858
0.7757,0.98787
0.7757,0.98715
0.7757,0.98644
0.7757,0.98572
0.7757,0.98501
0.7757,0.9843
0.7757,0.98358
0.7757,0.98287
0.7757,0.98216
0.7757,0.98144
0.7757,0.98073
0.7757,0.98001
0.7757,0.9793
0.7757,0.97859
0.7757,0.97787
0.7757,0.97716
0.7757,0.97644
0.7757,0.97573
0.7757,0.97502
0.7757,0.9743
0.7757,0.97359
0.7757,0.97288
0.7757,0.97216
0.7757,0.97145
0.7757,0.97074
0.7757,0.97002
0.7757,0.96931
0.7757,0.96859
0.7757,0.96788
0.7757,0.96717
0.7757,0.96645
0.7757,0.96574
0.7757,0.96502
0.7757,0.96431
0.7757,0.9636
0.7757,0.96288
0.7757,0.96217
0.7757,0.96146
0.7757,0.96074
0.7757,0.96003
0.7757,0.95932
0.7757,0.9586
0.7757,0.95789
0.7757,0.95717
0.7757,0.95646
0.7757,0.95575
0.7757,0.95503
0.7757,0.95432
0.7757,0.9536
0.7757,0.95289
0.7757,0.95218
0.7757,0.95146
0.7757,0.95075
0.7757,0.95004
0.7757,0.94932
0.7757,0.94861
0.7757,0.94789
0.7757,0.94718
0.7757,0.94647
0.7757,0.94575
0.7757,0.94504
0.7757,0.94432
0.7757,0.94361
0.7757,0.9429
0.7757,0.94218
0.7757,0.94147
0.7757,0.94076
0.7757,0.94004
0.7757,0.93933
0.7757,0.93862
0.7757,0.9379
0.7757,0.93719
0.7757,0.93647
0.7757,0.93576
0.7757,0.93505
0.7757,0.93433
0.7757,0.93362
0.7757,0.9329
0.7757,0.93219
0.7757,0.93148
0.7757,0.93076
0.7757,0.93005
0.7757,0.92934
0.7757,0.92862
0.7757,0.92791
0.7757,0.9272
0.7757,0.92648
0.7757,0.92577
0.7757,0.92505
0.7757,0.92434
0.7757,0.92363
0.7757,0.92291
0.7757,0.9222
0.7757,0.92148
0.7757,0.92077
0.7757,0.92006
0.7757,0.91934
0.7757,0.91863
0.7757,0.91792
0.7757,0.9172
0.7757,0.91649
0.7757,0.91577
0.7757,0.91506
0.7757,0.91435
0.7757,0.91363
0.7757,0.91292
0.7757,0.91221
0.7757,0.91149
0.7757,0.91078
0.7757,0.91006
0.7757,0.90935
0.7757,0.90864
0.7757,0.90792
0.7757,0.90721
0.7757,0.9065
0.7757,0.90578
0.7757,0.90507
0.7757,0.90435
0.7757,0.90364
0.7757,0.90293
0.7757,0.90221
0.7757,0.9015
0.7757,0.90078
0.7757,0.90007
0.7757,0.89936
0.7757,0.89864
0.7757,0.89793
0.7757,0.89722
0.7757,0.8965
0.7757,0.89579
0.7757,0.89508
0.7757,0.89436
0.7757,0.89365
0.7757,0.89293
0.7757,0.89222
0.7757,0.89151
0.7757,0.89079
0.7757,0.89008
0.7757,0.88936
0.7757,0.88865
0.7757,0.88794
0.7757,0.88722
0.7757,0.88651
0.7757,0.8858
0.7757,0.88508
0.7757,0.88437
0.7757,0.88366
0.7757,0.88294
0.7757,0.88223
0.7757,0.88151
0.7757,0.8808
0.7757,0.88009
0.7757,0.87937
0.7757,0.87866
0.7757,0.87794
0.7757,0.87723
0.7757,0.87652
0.7757,0.8758
0.7757,0.87509
0.7757,0.87438
0.7757,0.87366
0.7757,0.87295
0.7757,0.87223
0.7757,0.87152
0.7757,0.87081
0.7757,0.87009
0.7757,0.86938
0.7757,0.86866
0.7757,0.86795
0.7757,0.86724
0.7757,0.86652
0.7757,0.86581
0.7757,0.8651
0.7757,0.86438
0.7757,0.86367
0.7757,0.86296
0.7757,0.86224
0.7757,0.86153
0.7757,0.86081
0.7757,0.8601
0.7757,0.85939
0.7757,0.85867
0.7757,0.85796
0.7757,0.85724
0.7757,0.85653
0.7757,0.85582
0.7757,0.8551
0.7757,0.85439
0.7757,0.85368
0.7757,0.85296
0.7757,0.85225
0.7757,0.85154
0.7757,0.85082
0.7757,0.85011
0.7757,0.84939
0.7757,0.84868
0.7757,0.84797
0.7757,0.84725
0.7757,0.84654
0.7757,0.84582
0.7757,0.84511
0.7757,0.8444
0.7757,0.84368
0.7757,0.84297
0.7757,0.84226
0.7757,0.84154
0.7757,0.84083
0.7757,0.84011
0.7757,0.8394
0.7757,0.83869
0.7757,0.83797
0.7757,0.83726
0.7757,0.83654
0.7757,0.83583
0.7757,0.83512
0.7757,0.8344
0.7757,0.83369
0.7757,0.83298
0.7757,0.83226
0.7757,0.83155
0.7757,0.83084
0.7757,0.83012
0.7757,0.82941
0.7757,0.82869
0.7757,0.82798
0.7757,0.82727
0.7757,0.82655
0.7757,0.82584
0.7757,0.82512
0.7757,0.82441
0.7757,0.8237
0.7757,0.82298
0.7757,0.82227
0.7757,0.82156
0.7757,0.82084
0.7757,0.82013
0.7757,0.81942
0.7757,0.8187
0.7757,0.81799
0.7757,0.81727
0.7757,0.81656
0.7757,0.81585
0.7757,0.81513
0.7757,0.81442
0.7757,0.8137
0.7757,0.81299
0.7757,0.81228
0.7757,0.81156
0.7757,0.81085
0.7757,0.81014
0.7757,0.80942
0.7757,0.80871
0.7757,0.80799
0.7757,0.80728
0.7757,0.80657
0.7757,0.80585
0.7757,0.80514
0.7757,0.80442
0.7757,0.80371
0.7757,0.803
0.7757,0.80228
0.7757,0.80157
0.7757,0.80086
0.7757,0.80014
0.7757,0.79943
0.7757,0.79872
0.7757,0.798
0.7757,0.79729
0.7757,0.79657
0.7757,0.79586
0.7757,0.79515
0.7757,0.79443
0.7757,0.79372
0.7757,0.793
0.7757,0.79229
0.7757,0.79158
0.7757,0.79086
0.7757,0.79015
0.7757,0.78944
0.7757,0.78872
0.7757,0.78801
0.7757,0.7873
0.7757,0.78658
0.7757,0.78587
0.7757,0.78515
0.7757,0.78444
0.7757,0.78373
0.7757,0.78301
0.7757,0.7823
0.7757,0.78158
0.7757,0.78087
0.7757,0.78016
0.7757,0.77944
0.7757,0.77873
0.7757,0.77802
0.7757,0.7773
0.7757,0.77659
0.7757,0.77587
0.7757,0.77516
0.7757,0.77445
0.7757,0.77373
0.7757,0.77302
0.7757,0.7723
0.7757,0.77159
0.7757,0.77088
0.7757,0.77016
0.7757,0.76945
0.7757,0.76874
0.7757,0.76802
0.7757,0.76731
0.7757,0.7666
0.7757,0.76588
0.7757,0.76517
0.7757,0.76445
0.7757,0.76374
0.7757,0.76303
0.7757,0.76231
0.7757,0.7616
0.7757,0.76088
0.7757,0.76017
0.7757,0.75946
0.7757,0.75874
0.7757,0.75803
0.7757,0.75732
0.7757,0.7566
0.7757,0.75589
0.7757,0.75518
0.7757,0.75446
0.7757,0.75375
0.7757,0.75303
0.7757,0.75232
0.7757,0.75161
0.7757,0.75089
0.7757,0.75018
0.7757,0.74946
0.7757,0.74875
0.7757,0.74804
0.7757,0.74732
0.7757,0.74661
0.7757,0.7459
0.7757,0.74518
0.7757,0.74447
0.7757,0.74375
0.7757,0.74304
0.7757,0.74233
0.7757,0.74161
0.7757,0.7409
0.7757,0.74019
0.7757,0.73947
0.7757,0.73876
0.7757,0.73804
0.7757,0.73733
0.7757,0.73662
0.7757,0.7359
0.7757,0.73519
0.7757,0.73448
0.7757,0.73376
0.7757,0.73305
0.7757,0.73233
0.7757,0.73162
0.7757,0.73091
0.7757,0.73019
0.7757,0.72948
0.7757,0.72876
0.7757,0.72805
0.7757,0.72734
0.7757,0.72662
0.7757,0.72591
0.7757,0.7252
0.7757,0.72448
0.7757,0.72377
0.7757,0.72306
0.7757,0.72234
0.7757,0.72163
0.7757,0.72091
0.7757,0.7202
0.7757,0.71949
0.7757,0.71877
0.7757,0.71806
0.7757,0.71734
0.7757,0.71663
0.7757,0.71592
0.7757,0.7152
0.7757,0.71449
0.7757,0.71378
0.7757,0.71306
0.7757,0.71235
0.7757,0.71164
0.7757,0.71092
0.7757,0.71021
0.7757,0.70949
0.7757,0.70878
0.7757,0.70807
0.7757,0.70735
0.7757,0.70664
0.7757,0.70592
0.7757,0.70521
0.7757,0.7045
0.7757,0.70378
0.7757,0.70307
0.7757,0.70236
0.7757,0.70164
0.7757,0.70093
0.7757,0.70021
0.7757,0.6995
0.7757,0.69879
0.7757,0.69807
0.7757,0.69736
0.7757,0.69664
0.7757,0.69593
0.7757,0.69522
0.7757,0.6945
0.7757,0.69379
0.7757,0.69308
0.7757,0.69236
0.7757,0.69165
0.7757,0.69094
0.7757,0.69022
0.7757,0.68951
0.7757,0.68879
0.7757,0.68808
0.7757,0.68737
0.7757,0.68665
0.7757,0.68594
0.7757,0.68522
0.7757,0.68451
0.7757,0.6838
0.7757,0.68308
0.7757,0.68237
0.7757,0.68166
0.7757,0.68094
0.7757,0.68023
0.7757,0.67952
0.7757,0.6788
0.7757,0.67809
0.7757,0.67737
0.7757,0.67666
0.7757,0.67595
0.7757,0.67523
0.7757,0.67452
0.7757,0.6738
0.7757,0.67309
0.7757,0.67238
0.7757,0.67166
0.7757,0.67095
0.7757,0.67024
0.7757,0.66952
0.7757,0.66881
0.7757,0.66809
0.7757,0.66738
0.7757,0.66667
0.7757,0.66595
0.7757,0.66524
0.7757,0.66452
0.7757,0.66381
0.7757,0.6631
0.7757,0.66238
0.7757,0.66167
0.7757,0.66096
0.7757,0.66024
0.7757,0.65953
0.7757,0.65882
0.7757,0.6581
0.7757,0.65739
0.7757,0.65667
0.7757,0.65596
0.7757,0.65525
0.7757,0.65453
0.7757,0.65382
0.7757,0.65311
0.7757,0.65239
0.7757,0.65168
0.7757,0.65096
0.7757,0.65025
0.7757,0.64954
0.7757,0.64882
0.7757,0.64811
0.7757,0.6474
0.7757,0.64668
0.7757,0.64597
0.7757,0.64525
0.7757,0.64454
0.7757,0.64383
0.7757,0.64311
0.7757,0.6424
0.7757,0.64168
0.7757,0.64097
0.7757,0.64026
0.7757,0.63954
0.7757,0.63883
0.7757,0.63812
0.7757,0.6374
0.7757,0.63669
0.7757,0.63597
0.7757,0.63526
0.7757,0.63455
0.7757,0.63383
0.7757,0.63312
0.7757,0.6324
0.7757,0.63169
0.7757,0.63098
0.7757,0.63026
0.7757,0.62955
0.7757,0.62884
0.7757,0.62812
0.7757,0.62741
0.7757,0.62669
0.7757,0.62598
0.7757,0.62527
0.7757,0.62455
0.7757,0.62384
0.7757,0.62313
0.7757,0.62241
0.7757,0.6217
0.7757,0.62098
0.7757,0.62027
0.7757,0.61956
0.7757,0.61884
0.7757,0.61813
0.7757,0.61742
0.7757,0.6167
0.7757,0.61599
0.7757,0.61528
0.7757,0.61456
0.7757,0.61385
0.7757,0.61313
0.7757,0.61242
0.7757,0.61171
0.7757,0.61099
0.7757,0.61028
0.7757,0.60957
0.7757,0.60885
0.7757,0.60814
0.7757,0.60742
0.7757,0.60671
0.7757,0.606
0.7757,0.60528
0.7757,0.60457
0.7757,0.60385
0.7757,0.60314
0.7757,0.60243
0.7757,0.60171
0.7757,0.601
0.7757,0.60029
0.7757,0.59957
0.7757,0.59886
0.7757,0.59814
0.7757,0.59743
0.7757,0.59672
0.7757,0.596
0.7757,0.59529
0.7757,0.59458
0.7757,0.59386
0.7757,0.59315
0.7757,0.59243
0.7757,0.59172
0.7757,0.59101
0.7757,0.59029
0.7757,0.58958
0.7757,0.58886
0.7757,0.58815
0.7757,0.58744
0.7757,0.58672
0.7757,0.58601
0.7757,0.5853
0.7757,0.58458
0.7757,0.58387
0.7757,0.58315
0.7757,0.58244
0.7757,0.58173
0.7757,0.58101
0.7757,0.5803
0.7757,0.57959
0.7757,0.57887
0.7757,0.57816
0.7757,0.57744
0.7757,0.57673
0.7757,0.57602
0.7757,0.5753
0.7757,0.57459
0.7757,0.57388
0.7757,0.57316
0.7757,0.57245
0.7757,0.57173
0.7757,0.57102
0.7757,0.57031
0.7757,0.56959
0.7757,0.56888
0.7757,0.56817
0.7757,0.56745
0.7757,0.56674
0.7757,0.56602
0.7757,0.56531
0.7757,0.5646
0.7757,0.56388
0.7757,0.56317
0.7757,0.56246
0.7757,0.56174
0.7757,0.56103
0.7757,0.56031
0.7757,0.5596
0.7757,0.55889
0.7757,0.55817
0.7757,0.55746
0.7757,0.55674
0.7757,0.55603
0.7757,0.55532
0.7757,0.5546
0.7757,0.55389
0.7757,0.55318
0.7757,0.55246
0.7757,0.55175
0.7757,0.55104
0.7757,0.55032
0.7757,0.54961
0.7757,0.54889
0.7757,0.54818
0.7757,0.54747
0.7757,0.54675
0.7757,0.54604
0.7757,0.54532
0.7757,0.54461
0.7757,0.5439
0.7757,0.54318
0.7757,0.54247
0.7757,0.54176
0.7757,0.54104
0.7757,0.54033
0.7757,0.53961
0.7757,0.5389
0.7757,0.53819
0.7757,0.53747
0.7757,0.53676
0.7757,0.53605
0.7757,0.53533
0.7757,0.53462
0.7757,0.5339
0.7757,0.53319
0.7757,0.53248
0.7757,0.53176
0.7757,0.53105
0.7757,0.53034
0.7757,0.52962
0.7757,0.52891
0.7757,0.52819
0.7757,0.52748
0.7757,0.52677
0.7757,0.52605
0.7757,0.52534
0.7757,0.52462
0.7757,0.52391
0.7757,0.5232
0.7757,0.52248
0.7757,0.52177
0.7757,0.52106
0.7757,0.52034
0.7757,0.51963
0.7757,0.51892
0.7757,0.5182
0.7757,0.51749
0.7757,0.51677
0.7757,0.51606
0.7757,0.51535
0.7757,0.51463
0.7757,0.51392
0.7757,0.5132
0.7757,0.51249
0.7757,0.51178
0.7757,0.51106
0.7757,0.51035
0.7757,0.50964
0.7757,0.50892
0.7757,0.50821
0.7757,0.5075
0.7757,0.50678
0.7757,0.50607
0.7757,0.50535
0.7757,0.50464
0.7757,0.50393
0.7757,0.50321
0.7757,0.5025
0.7757,0.50178
0.7757,0.50107
0.7757,0.50036
0.7757,0.49964
0.7757,0.49893
0.7757,0.49822
0.7757,0.4975
0.7757,0.49679
0.7757,0.49607
0.7757,0.49536
0.7757,0.49465
0.7757,0.49393
0.7757,0.49322
0.7757,0.4925
0.7757,0.49179
0.7757,0.49108
0.7757,0.49036
0.7757,0.48965
0.7757,0.48894
0.7757,0.48822
0.7757,0.48751
0.7757,0.4868
0.7757,0.48608
0.7757,0.48537
0.7757,0.48465
0.7757,0.48394
0.7757,0.48323
0.7757,0.48251
0.7757,0.4818
0.7757,0.48108
0.7757,0.48037
0.7757,0.47966
0.7757,0.47894
0.7757,0.47823
0.7757,0.47752
0.7757,0.4768
0.7757,0.47609
0.7757,0.47538
0.7757,0.47466
0.7757,0.47395
0.7757,0.47323
0.7757,0.47252
0.7757,0.47181
0.7757,0.47109
0.7757,0.47038
0.7757,0.46966
0.7757,0.46895
0.7757,0.46824
0.7757,0.46752
0.7757,0.46681
0.7757,0.4661
0.7757,0.46538
0.7757,0.46467
0.7757,0.46395
0.7757,0.46324
0.7757,0.46253
0.7757,0.46181
0.7757,0.4611
0.7757,0.46038
0.7757,0.45967
0.7757,0.45896
0.7757,0.45824
0.7757,0.45753
0.7757,0.45682
0.7757,0.4561
0.7757,0.45539
0.7757,0.45468
0.7757,0.45396
0.7757,0.45325
0.7757,0.45253
0.7757,0.45182
0.7757,0.45111
0.7757,0.45039
0.7757,0.44968
0.7757,0.44896
0.7757,0.44825
0.7757,0.44754
0.7757,0.44682
0.7757,0.44611
0.7757,0.4454
0.7757,0.44468
0.7757,0.44397
0.7757,0.44326
0.7757,0.44254
0.7757,0.44183
0.7757,0.44111
0.7757,0.4404
0.7757,0.43969
0.7757,0.43897
0.7757,0.43826
0.7757,0.43754
0.7757,0.43683
0.7757,0.43612
0.7757,0.4354
0.7757,0.43469
0.7757,0.43398
0.7757,0.43326
0.7757,0.43255
0.7757,0.43183
0.7757,0.43112
0.7757,0.43041
0.7757,0.42969
0.7757,0.42898
0.7757,0.42827
0.7757,0.42755
0.7757,0.42684
0.7757,0.42612
0.7757,0.42541
0.7757,0.4247
0.7757,0.42398
0.7757,0.42327
0.7757,0.42256
0.7757,0.42184
0.7757,0.42113
0.7757,0.42041
0.7757,0.4197
0.7757,0.41899
0.7757,0.41827
0.7757,0.41756
0.7757,0.41684
0.7757,0.41613
0.7757,0.41542
0.7757,0.4147
0.7757,0.41399
0.7757,0.41328
0.7757,0.41256
0.7757,0.41185
0.7757,0.41114
0.7757,0.41042
0.7757,0.40971
0.7757,0.40899
0.7757,0.40828
0.7757,0.40757
0.7757,0.40685
0.7757,0.40614
0.7757,0.40542
0.7757,0.40471
0.7757,0.404
0.7757,0.40328
0.7757,0.40257
0.7757,0.40186
0.7757,0.40114
0.7757,0.40043
0.7757,0.39971
0.7757,0.399
0.7757,0.39829
0.7757,0.39757
0.7757,0.39686
0.7757,0.39615
0.7757,0.39543
0.7757,0.39472
0.7757,0.394
0.7757,0.39329
0.7757,0.39258
0.7757,0.39186
0.7757,0.39115
0.7757,0.39044
0.7757,0.38972
0.7757,0.38901
0.7757,0.38829
0.7757,0.38758
0.7757,0.38687
0.7757,0.38615
0.7757,0.38544
0.7757,0.38472
0.7757,0.38401
0.7757,0.3833
0.7757,0.38258
0.7757,0.38187
0.7757,0.38116
0.7757,0.38044
0.7757,0.37973
0.7757,0.37902
0.7757,0.3783
0.7757,0.37759
0.7757,0.37687
0.7757,0.37616
0.7757,0.37545
0.7757,0.37473
0.7757,0.37402
0.7757,0.3733
0.7757,0.37259
0.7757,0.37188
0.7757,0.37116
0.7757,0.37045
0.7757,0.36974
0.7757,0.36902
0.7757,0.36831
0.7757,0.3676
0.7757,0.36688
0.7757,0.36617
0.7757,0.36545
0.7757,0.36474
0.7757,0.36403
0.7757,0.36331
0.7757,0.3626
0.7757,0.36188
0.7757,0.36117
0.7757,0.36046
0.7757,0.35974
0.7757,0.35903
0.7757,0.35832
0.7757,0.3576
0.7757,0.35689
0.7757,0.35617
0.7757,0.35546
0.7757,0.35475
0.7757,0.35403
0.7757,0.35332
0.7757,0.3526
0.7757,0.35189
0.7757,0.35118
0.7757,0.35046
0.7757,0.34975
0.7757,0.34904
0.7757,0.34832
0.7757,0.34761
0.7757,0.3469
0.7757,0.34618
0.7757,0.34547
0.7757,0.34475
0.7757,0.34404
0.7757,0.34333
0.7757,0.34261
0.7757,0.3419
0.7757,0.34118
0.7757,0.34047
0.7757,0.33976
0.7757,0.33904
0.7757,0.33833
0.7757,0.33762
0.7757,0.3369
0.7757,0.33619
0.7757,0.33548
0.7757,0.33476
0.7757,0.33405
0.7757,0.33333
0.7757,0.33262
0.7757,0.33191
0.7757,0.33119
0.7757,0.33048
0.7757,0.32976
0.7757,0.32905
0.7757,0.32834
0.7757,0.32762
0.7757,0.32691
0.7757,0.3262
0.7757,0.32548
0.7757,0.32477
0.7757,0.32405
0.7757,0.32334
0.7757,0.32263
0.7757,0.32191
0.7757,0.3212
0.7757,0.32048
0.7757,0.31977
0.7757,0.31906
0.7757,0.31834
0.7757,0.31763
0.7757,0.31692
0.7757,0.3162
0.7757,0.31549
0.7757,0.31477
0.7757,0.31406
0.7757,0.31335
0.7757,0.31263
0.7757,0.31192
0.7757,0.31121
0.7757,0.31049
0.7757,0.30978
0.7757,0.30907
0.7757,0.30835
0.7757,0.30764
0.7757,0.30692
0.7757,0.30621
0.7757,0.3055
0.7757,0.30478
0.7757,0.30407
0.7757,0.30336
0.7757,0.30264
0.7757,0.30193
0.7757,0.30121
0.7757,0.3005
0.7757,0.29979
0.7757,0.29907
0.7757,0.29836
0.7757,0.29764
0.7757,0.29693
0.7757,0.29622
0.7757,0.2955
0.7757,0.29479
0.7757,0.29408
0.7757,0.29336
0.7757,0.29265
0.7757,0.29193
0.7757,0.29122
0.7757,0.29051
0.7757,0.28979
0.7757,0.28908
0.7757,0.28836
0.7757,0.28765
0.7757,0.28694
0.7757,0.28622
0.7757,0.28551
0.7757,0.2848
0.7757,0.28408
0.7757,0.28337
0.7757,0.28266
0.7757,0.28194
0.7757,0.28123
0.7757,0.28051
0.7757,0.2798
0.7757,0.27909
0.7757,0.27837
0.7757,0.27766
0.7757,0.27694
0.7757,0.27623
0.7757,0.27552
0.7757,0.2748
0.7757,0.27409
0.7757,0.27338
0.7757,0.27266
0.7757,0.27195
0.7757,0.27123
0.7757,0.27052
0.7757,0.26981
0.7757,0.26909
0.7757,0.26838
0.7757,0.26767
0.7757,0.26695
0.7757,0.26624
0.7757,0.26553
0.7757,0.26481
0.7757,0.2641
0.7757,0.26338
0.7757,0.26267
0.7757,0.26196
0.7757,0.26124
0.7757,0.26053
0.7757,0.25981
0.7757,0.2591
0.7757,0.25839
0.7757,0.25767
0.7757,0.25696
0.7757,0.25625
0.7757,0.25553
0.7757,0.25482
0.7757,0.2541
0.7757,0.25339
0.7757,0.25268
0.7757,0.25196
0.7757,0.25125
0.7757,0.25054
0.7757,0.24982
0.7757,0.24911
0.7757,0.24839
0.7757,0.24768
0.7757,0.24697
0.7757,0.24625
0.7757,0.24554
0.7757,0.24482
0.7757,0.24411
0.7757,0.2434
0.7757,0.24268
0.7757,0.24197
0.7757,0.24126
0.7757,0.24054
0.7757,0.23983
0.7757,0.23912
0.7757,0.2384
0.7757,0.23769
0.7757,0.23697
0.7757,0.23626
0.7757,0.23555
0.7757,0.23483
0.7757,0.23412
0.7757,0.2334
0.7757,0.23269
0.7757,0.23198
0.7757,0.23126
0.7757,0.23055
0.7757,0.22984
0.7757,0.22912
0.7757,0.22841
0.7757,0.2277
0.7757,0.22698
0.7757,0.22627
0.7757,0.22555
0.7757,0.22484
0.7757,0.22413
0.7757,0.22341
0.7757,0.2227
0.7757,0.22198
0.7757,0.22127
0.7757,0.22056
0.7757,0.21984
0.7757,0.21913
0.7757,0.21842
0.7757,0.2177
0.7757,0.21699
0.7757,0.21627
0.7757,0.21556
0.7757,0.21485
0.7757,0.21413
0.7757,0.21342
0.7757,0.2127
0.7757,0.21199
0.7757,0.21128
0.7757,0.21056
0.7757,0.20985
0.7757,0.20914
0.7757,0.20842
0.7757,0.20771
0.7757,0.207
0.7757,0.20628
0.7757,0.20557
0.7757,0.20485
0.7757,0.20414
0.7757,0.20343
0.7757,0.20271
0.7757,0.202
0.7757,0.20128
0.7757,0.20057
0.7757,0.19986
0.7757,0.19914
0.7757,0.19843
0.7757,0.19772
0.7757,0.197
0.7757,0.19629
0.7757,0.19558
0.7757,0.19486
0.7757,0.19415
0.7757,0.19343
0.7757,0.19272
0.7757,0.19201
0.7757,0.19129
0.7757,0.19058
0.7757,0.18986
0.7757,0.18915
0.7757,0.18844
0.7757,0.18772
0.7757,0.18701
0.7757,0.1863
0.7757,0.18558
0.7757,0.18487
0.7757,0.18415
0.7757,0.18344
0.7757,0.18273
0.7757,0.18201
0.7757,0.1813
0.7757,0.18058
0.7757,0.17987
0.7757,0.17916
0.7757,0.17844
0.7757,0.17773
0.7757,0.17702
0.7757,0.1763
0.7757,0.17559
0.7757,0.17488
0.7757,0.17416
0.7757,0.17345
0.7757,0.17273
0.7757,0.17202
0.7757,0.17131
0.7757,0.17059
0.7757,0.16988
0.7757,0.16916
0.7757,0.16845
0.7757,0.16774
0.7757,0.16702
0.7757,0.16631
0.7757,0.1656
0.7757,0.16488
0.7757,0.16417
0.7757,0.16345
0.7757,0.16274
0.7757,0.16203
0.7757,0.16131
0.7757,0.1606
0.7757,0.15989
0.7757,0.15917
0.7757,0.15846
0.7757,0.15774
0.7757,0.15703
0.7757,0.15632
0.7757,0.1556
0.7757,0.15489
0.7757,0.15418
0.7757,0.15346
0.7757,0.15275
0.7757,0.15203
0.7757,0.15132
0.7757,0.15061
0.7757,0.14989
0.7757,0.14918
0.7757,0.14846
0.7757,0.14775
0.7757,0.14704
0.7757,0.14632
0.7757,0.14561
0.7757,0.1449
0.7757,0.14418
0.7757,0.14347
0.7757,0.14276
0.7757,0.14204
0.7757,0.14133
0.7757,0.14061
0.7757,0.1399
0.7757,0.13919
0.7757,0.13847
0.7757,0.13776
0.7757,0.13704
0.7757,0.13633
0.7757,0.13562
0.7757,0.1349
0.7757,0.13419
0.7757,0.13348
0.7757,0.13276
0.7757,0.13205
0.7757,0.13134
0.7757,0.13062
0.7757,0.12991
0.7757,0.12919
0.7757,0.12848
0.7757,0.12777
0.7757,0.12705
0.7757,0.12634
0.7757,0.12562
0.7757,0.12491
0.7757,0.1242
0.7757,0.12348
0.7757,0.12277
0.7757,0.12206
0.7757,0.12134
0.7757,0.12063
0.7757,0.11991
0.7757,0.1192
0.7757,0.11849
0.7757,0.11777
0.7757,0.11706
0.7757,0.11634
0.7757,0.11563
0.7757,0.11492
0.7757,0.1142
0.7757,0.11349
0.7757,0.11278
0.7757,0.11206
0.7757,0.11135
0.7757,0.11064
0.7757,0.10992
0.7757,0.10921
0.7757,0.10849
0.7757,0.10778
0.7757,0.10707
0.7757,0.10635
0.7757,0.10564
0.7757,0.10492
0.7757,0.10421
0.7757,0.1035
0.7757,0.10278
0.7757,0.10207
0.7757,0.10136
0.7757,0.10064
0.7757,0.09993
0.7757,0.09922
0.7757,0.0985
0.7757,0.09779
0.7757,0.09707
0.7757,0.09636
0.7757,0.09565
0.7757,0.09493
0.7757,0.09422
0.7757,0.0935
0.7757,0.09279
0.7757,0.09208
0.7757,0.09136
0.7757,0.09065
0.7757,0.08994
0.7757,0.08922
0.7757,0.08851
0.7757,0.08779
0.7757,0.08708
0.7757,0.08637
0.7757,0.08565
0.7757,0.08494
0.7757,0.08423
0.7757,0.08351
0.7757,0.0828
0.7757,0.08208
0.7757,0.08137
0.7757,0.08066
0.7757,0.07994
0.7757,0.07923
0.7757,0.07852
0.7757,0.0778
0.7757,0.07709
0.7757,0.07637
0.7757,0.07566
0.7757,0.07495
0.7757,0.07423
0.7757,0.07352
0.7757,0.0728
0.7757,0.07209
0.7757,0.07138
0.7757,0.07066
0.7757,0.06995
0.7757,0.06924
0.7757,0.06852
0.7757,0.06781
0.7757,0.06709
0.7757,0.06638
0.7757,0.06567
0.7757,0.06495
0.7757,0.06424
0.7757,0.06353
0.7757,0.06281
0.7757,0.0621
0.7757,0.06138
0.7757,0.06067
0.7757,0.05996
0.7757,0.05924
0.7757,0.05853
0.7757,0.05782
0.7757,0.0571
0.7757,0.05639
0.7757,0.05568
0.7757,0.05496
0.7757,0.05425
0.7757,0.05353
0.7757,0.05282
0.7757,0.05211
0.7757,0.05139
0.7757,0.05068
0.7757,0.04996
0.7757,0.04925
0.7757,0.04854
0.7757,0.04782
0.7757,0.04711
0.7757,0.0464
0.7757,0.04568
0.7757,0.04497
0.7757,0.04425
0.7757,0.04354
0.7757,0.04283
0.7757,0.04211
0.7757,0.0414
0.7757,0.04069
0.7757,0.03997
0.7757,0.03926
0.7757,0.03854
0.7757,0.03783
0.7757,0.03712
0.7757,0.0364
0.7757,0.03569
0.7757,0.03498
0.7757,0.03426
0.7757,0.03355
0.7757,0.03283
0.7757,0.03212
0.7757,0.03141
0.7757,0.03069
0.7757,0.02998
0.7757,0.02926
0.7757,0.02855
0.7757,0.02784
0.7757,0.02712
0.7757,0.02641
0.7757,0.0257
0.7757,0.02498
0.7757,0.02427
0.7757,0.02356
0.7757,0.02284
0.7757,0.02213
0.7757,0.02141
0.7757,0.0207
0.7757,0.01999
0.7757,0.01927
0.7757,0.01856
0.7757,0.01784
0.7757,0.01713
0.7757,0.01642
0.7757,0.0157
0.7757,0.01499
0.7757,0.01428
0.7757,0.01356
0.7757,0.01285
0.7757,0.01213
0.7757,0.01142
0.7757,0.01071
0.7757,0.00999
0.7757,0.00928
0.7757,0.00856
0.7757,0.00785
0.7757,0.00714
0.7757,0.00642
0.7757,0.00571
0.7757,0.005
0.7757,0.00428
0.7757,0.00357
0.7757,0.00286
0.7757,0.00214
0.7757,0.00143
0.7757,0.00071
0.7757,0.0
0.7757,1.0
0.7757,1.0
0.7757,1.0
0.7757,1.0
0.7757,1.0
0.7757,1.0
0.7757,1.0
0.7757,1.0
0.7757,1.0
0.7757,1.0
0.7757,1.0
0.7757,1.0
0.7757,1.0
0.7757,1.0
0.7757,1.0
0.7757,1.0
0.7757,1.0
0.7757,1.0
0.7757,1.0
0.7757,1.0
0.7757,1.0
0.7757,1.0
0.7757,1.0
0.7757,1.0
0.7757,1.0
0.7757,1.0
0.7757,1.0
0.7757,1.0
0.7757,1.0
0.7757,1.0
0.7757,1.0
0.7757,1.0
0.7757,1.0
0.7757,1.0
0.7757,1.0
0.7757,1.0
0.7757,1.0
0.7757,1.0
0.7757,1.0
0.7757,1.0
0.7757,1.0
0.7757,1.0
0.7757,1.0
0.7757,1.0
0.7757,1.0
0.7757,1.0
0.7757,1.0
0.7757,1.0
0.7757,1.0
0.7757,1.0
0.7757,1.0
0.7757,1.0
0.7757,1.0
0.7757,1.0
0.7757,1.0
0.7757,1.0
0.7757,1.0
0.7757,1.0
0.7757,1.0
0.7757,1.0
0.7757,1.0
0.7757,1.0
0.7757,1.0
0.7757,1.0
0.7757,1.0
0.7757,1.0
0.7757,1.0
0.7757,1.0
0.7757,1.0
0.7757,1.0
0.7757,1.0
0.7757,1.0
0.7757,1.0
0.7757,1.0
0.7757,1.0
0.7757,1.0
0.7757,1.0
0.7757,1.0
0.7757,1.0
0.7757,1.0
0.7757,1.0
0.7757,1.0
0.7757,1.0
0.7757,1.0
0.7757,1.0
0.7757,1.0
0.7757,1.0
0.7757,1.0
0.7757,1.0
0.7757,1.0
0.7757,1.0
0.7757,1.0
0.7757,1.0
0.7757,1.0
0.7757,1.0
0.7757,1.0
0.7757,1.0
0.7757,1.0
0.7757,1.0
0.7757,1.0
0.7757,1.0
0.7757,1.0
0.7757,1.0
0.7757,1.0
0.7757,1.0
0.7757,1.0
0.7757,1.0
0.7757,1.0
0.7757,1.0
0.7757,1.0
0.7757,1.0
0.7757,1.0
0.7757,1.0
0.7757,1.0
0.7757,1.0
0.7757,1.0
0.7757,1.0
0.7757,1.0
0.7757,1.0
0.7757,1.0
0.7757,1.0
0.7757,1.0
0.7757,1.0
0.7757,1.0
0.7757,1.0
0.7757,1.0
0.7757,1.0
0.7757,1.0
0.7757,1.0
0.7757,1.0
0.7757,1.0
0.7757,1.0
0.7757,1.0
0.7757,1.0
0.7757,1.0
0.7757,1.0
0.7757,1.0
0.7757,1.0
0.7757,1.0
0.7757,1.0
0.7757,1.0
0.7757,1.0
0.7757,1.0
0.7757,1.0
0.7757,1.0
0.7757,1.0
0.7757,1.0
0.7757,1.0
0.7757,1.0
0.7757,1.0
0.7757,1.0
0.7757,1.0
0.7757,1.0
0.7757,1.0
0.7757,1.0
0.7757,1.0
0.7757,1.0
0.7757,1.0
0.7757,1.0
0.7757,1.0
0.7757,1.0
0.7757,1.0
0.7757,1.0
0.7757,1.0
0.7757,1.0
0.7757,1.0
0.7757,1.0
0.7757,1.0
0.7757,1.0
0.7757,1.0
0.7757,1.0
0.7757,1.0
0.7757,1.0
0.7757,1.0
0.7757,1.0
0.7757,1.0
0.7757,1.0
0.7757,1.0
0.7757,1.0
0.7757,1.0
0.7757,1.0
0.7757,1.0
0.7757,1.0
0.7757,1.0
0.7757,1.0
0.7757,1.0
0.7757,1.0
0.7757,1.0
0.7757,1.0
0.7757,1.0
0.7757,1.0
0.7757,1.0
0.7757,1.0
0.7757,1.0
0.7757,1.0
0.7757,1.0
0.7757,1.0
0.7757,1.0
0.7757,1.0
0.7757,1.0
0.7757,1.0
0.7757,1.0
0.7757,1.0
0.7757,1.0
0.7757,1.0
0.7757,1.0
0.7757,1.0
0.7757,1.0
0.7757,1.0
0.7757,1.0
0.7757,1.0
0.7757,1.0
0.7757,1.0
0.7757,1.0
0.7757,1.0
0.7757,1.0
0.7757,1.0
0.7757,1.0
0.7757,1.0
0.7757,1.0
0.7757,1.0
0.7757,1.0
0.7757,1.0
0.7757,1.0
0.7757,1.0
0.7757,1.0
0.7757,1.0
0.7757,1.0
0.7757,1.0
0.7757,1.0
0.7757,1.0
0.7757,1.0
0.7757,1.0
0.7757,1.0
0.7757,1.0
0.7757,1.0
0.7757,1.0
0.7757,1.0
0.7757,1.0
0.7757,1.0
0.7757,1.0
0.7757,1.0
0.7757,1.0
0.7757,1.0
0.7757,1.0
0.7757,1.0
0.7757,1.0
0.7757,1.0
0.7757,1.0
0.7757,1.0
0.7757,1.0
0.7757,1.0
0.7757,1.0
0.7757,1.0
0.7757,1.0
0.7757,1.0
0.7757,1.0
0.7757,1.0
0.7757,1.0
0.7757,1.0
0.7757,1.0
0.7757,1.0
0.7757,1.0
0.7757,1.0
0.7757,1.0
0.7757,1.0
0.7757,1.0
0.7757,1.0
0.7757,1.0
0.7757,1.0
0.7757,1.0
0.7757,1.0
0.7757,1.0
0.7757,1.0
0.7757,1.0
0.7757,1.0
0.7757,1.0
0.7757,1.0
0.7757,1.0
0.7757,1.0
0.7757,1.0
0.7757,1.0
0.7757,1.0
0.7757,1.0
0.7757,1.0
0.7757,1.0
0.7757,1.0
0.7757,1.0
0.7757,1.0
0.7757,1.0
0.7757,1.0
0.7757,1.0
0.7757,1.0
0.7757,1.0
0.7757,1.0
0.7757,1.0
0.7757,1.0
0.7757,1.0
0.7757,1.0
0.7757,1.0
0.7757,1.0
0.7757,1.0
0.7757,1.0
0.7757,1.0
0.7757,1.0
0.7757,1.0
0.7757,1.0
0.7757,1.0
0.7757,1.0
0.7757,1.0
0.7757,1.0
0.7757,1.0
0.7757,1.0
0.7757,1.0
0.7757,1.0
0.7757,1.0
0.7757,1.0
0.7757,1.0
0.7757,1.0
0.7757,1.0
0.7757,1.0
0.7757,1.0
0.7757,1.0
0.7757,1.0
0.7757,1.0
0.7757,1.0
0.7757,1.0
0.7757,1.0
0.7757,1.0
0.7757,1.0
0.7757,1.0
0.7757,1.0
0.7757,1.0
0.7757,1.0
0.7757,1.0
0.7757,1.0
0.7757,1.0
0.7757,1.0
0.7757,1.0
0.7757,1.0
0.7757,1.0
0.7757,1.0
0.7757,1.0
0.7757,1.0
0.7757,1.0
0.7757,1.0
0.7757,1.0
0.7757,1.0
0.7757,1.0
0.7757,1.0
0.7757,1.0
0.7757,1.0
0.7757,1.0
0.7757,1.0
0.7757,1.0
0.7757,1.0
0.7757,1.0
0.7757,1.0
0.7757,1.0
0.7757,1.0
0.7757,1.0
0.7757,1.0
0.7757,1.0
0.7757,1.0
0.7757,1.0
0.7757,1.0
0.7757,1.0
0.7757,1.0
0.7757,1.0
0.7757,1.0
0.7757,1.0
0.7757,1.0
0.7757,1.0
0.7757,1.0
0.7757,1.0
0.7757,1.0
0.7757,1.0
0.7757,1.0
0.7757,1.0
0.7757,1.0
0.7757,1.0
0.7757,1.0
0.7757,1.0
0.7757,1.0
0.7757,1.0
0.7757,1.0
0.7757,1.0
0.7757,1.0
0.7757,1.0
0.7757,1.0
0.7757,1.0
0.7757,1.0
0.7757,1.0
0.7757,1.0
0.7757,1.0
0.7757,1.0
0.7757,1.0
0.7757,1.0
0.7757,1.0
0.7757,1.0
0.7757,1.0
0.7757,1.0
0.7757,1.0
0.7757,1.0
0.7757,1.0
0.7757,1.0
0.7757,1.0
0.7757,1.0
0.7757,1.0
0.7757,1.0
0.7757,1.0
0.7757,1.0
0.7757,1.0
0.7757,1.0
0.7757,1.0
0.7757,1.0
0.7757,1.0
0.7757,1.0
0.7757,1.0
0.7757,1.0
0.7757,1.0
0.7757,1.0
0.7757,1.0
0.7757,1.0
0.7757,1.0
0.7757,1.0
0.7757,1.0
0.7757,1.0
0.7757,1.0
0.7757,1.0
0.7757,1.0
0.7757,1.0
0.7757,1.0
0.7757,1.0
0.7757,1.0
0.7757,1.0
0.7757,0.9977
0.7757,0.9954
0.7757,0.9931
0.7757,0.9908
0.7757,0.98851
0.7757,0.98621
0.7757,0.98391
0.7757,0.98161
0.7757,0.97931
0.7757,0.97701
0.7757,0.97471
0.7757,0.97241
0.7757,0.97012
0.7757,0.96782
0.7757,0.96552
0.7757,0.96322
0.7757,0.96092
0.7757,0.95862
0.7757,0.95632
0.7757,0.95402
0.7757,0.95172
0.7757,0.94942
0.7757,0.94713
0.7757,0.94483
0.7757,0.94253
0.7757,0.94023
0.7757,0.93793
0.7757,0.93563
0.7757,0.93333
0.7757,0.93103
0.7757,0.92874
0.7757,0.92644
0.7757,0.92414
0.7757,0.92184
0.7757,0.91954
0.7757,0.91724
0.7757,0.91494
0.7757,0.91264
0.7757,0.91034
0.7757,0.90805
0.7757,0.90575
0.7757,0.90345
0.7757,0.90115
0.7757,0.89885
0.7757,0.89655
0.7757,0.89425
0.7757,0.89195
0.7757,0.88966
0.7757,0.88736
0.7757,0.88506
0.7757,0.88276
0.7757,0.88046
0.7757,0.87816
0.7757,0.87586
0.7757,0.87356
0.7757,0.87126
0.7757,0.86897
0.7757,0.86667
0.7757,0.86437
0.7757,0.86207
0.7757,0.85977
0.7757,0.85747
0.7757,0.85517
0.7757,0.85287
0.7757,0.85058
0.7757,0.84828
0.7757,0.84598
0.7757,0.84368
0.7757,0.84138
0.7757,0.83908
0.7757,0.83678
0.7757,0.83448
0.7757,0.83218
0.7757,0.82988
0.7757,0.82759
0.7757,0.82529
0.7757,0.82299
0.7757,0.82069
0.7757,0.81839
0.7757,0.81609
0.7757,0.81379
0.7757,0.81149
0.7757,0.8092
0.7757,0.8069
0.7757,0.8046
0.7757,0.8023
0.7757,0.8
0.7757,0.7977
0.7757,0.7954
0.7757,0.7931
0.7757,0.7908
0.7757,0.78851
0.7757,0.78621
0.7757,0.78391
0.7757,0.78161
0.7757,0.77931
0.7757,0.77701
0.7757,0.77471
0.7757,0.77241
0.7757,0.77012
0.7757,0.76782
0.7757,0.76552
0.7757,0.76322
0.7757,0.76092
0.7757,0.75862
0.7757,0.75632
0.7757,0.75402
0.7757,0.75172
0.7757,0.74942
0.7757,0.74713
0.7757,0.74483
0.7757,0.74253
0.7757,0.74023
0.7757,0.73793
0.7757,0.73563
0.7757,0.73333
0.7757,0.73103
0.7757,0.72874
0.7757,0.72644
0.7757,0.72414
0.7757,0.72184
0.7757,0.71954
0.7757,0.71724
0.7757,0.71494
0.7757,0.71264
0.7757,0.71034
0.7757,0.70805
0.7757,0.70575
0.7757,0.70345
0.7757,0.70115
0.7757,0.69885
0.7757,0.69655
0.7757,0.69425
0.7757,0.69195
0.7757,0.68966
0.7757,0.68736
0.7757,0.68506
0.7757,0.68276
0.7757,0.68046
0.7757,0.67816
0.7757,0.67586
0.7757,0.67356
0.7757,0.67126
0.7757,0.66897
0.7757,0.66667
0.7757,0.66437
0.7757,0.66207
0.7757,0.65977
0.7757,0.65747
0.7757,0.65517
0.7757,0.65287
0.7757,0.65058
0.7757,0.64828
0.7757,0.64598
0.7757,0.64368
0.7757,0.64138
0.7757,0.63908
0.7757,0.63678
0.7757,0.63448
0.7757,0.63218
0.7757,0.62988
0.7757,0.62759
0.7757,0.62529
0.7757,0.62299
0.7757,0.62069
0.7757,0.61839
0.7757,0.61609
0.7757,0.61379
0.7757,0.61149
0.7757,0.6092
0.7757,0.6069
0.7757,0.6046
0.7757,0.6023
0.7757,0.6
0.7757,0.5977
0.7757,0.5954
0.7757,0.5931
0.7757,0.5908
0.7757,0.58851
0.7757,0.58621
0.7757,0.58391
0.7757,0.58161
0.7757,0.57931
0.7757,0.57701
0.7757,0.57471
0.7757,0.57241
0.7757,0.57011
0.7757,0.56782
0.7757,0.56552
0.7757,0.56322
0.7757,0.56092
0.7757,0.55862
0.7757,0.55632
0.7757,0.55402
0.7757,0.55172
0.7757,0.54942
0.7757,0.54713
0.7757,0.54483
0.7757,0.54253
0.7757,0.54023
0.7757,0.53793
0.7757,0.53563
0.7757,0.53333
0.7757,0.53103
0.7757,0.52874
0.7757,0.52644
0.7757,0.52414
0.7757,0.52184
0.7757,0.51954
0.7757,0.51724
0.7757,0.51494
0.7757,0.51264
0.7757,0.51034
0.7757,0.50805
0.7757,0.50575
0.7757,0.50345
0.7757,0.50115
0.7757,0.49885
0.7757,0.49655
0.7757,0.49425
0.7757,0.49195
0.7757,0.48966
0.7757,0.48736
0.7757,0.48506
0.7757,0.48276
0.7757,0.48046
0.7757,0.47816
0.7757,0.47586
0.7757,0.47356
0.7757,0.47126
0.7757,0.46897
0.7757,0.46667
0.7757,0.46437
0.7757,0.46207
0.7757,0.45977
0.7757,0.45747
0.7757,0.45517
0.7757,0.45287
0.7757,0.45058
0.7757,0.44828
0.7757,0.44598
0.7757,0.44368
0.7757,0.44138
0.7757,0.43908
0.7757,0.43678
0.7757,0.43448
0.7757,0.43218
0.7757,0.42988
0.7757,0.42759
0.7757,0.42529
0.7757,0.42299
0.7757,0.42069
0.7757,0.41839
0.7757,0.41609
0.7757,0.41379
0.7757,0.41149
0.7757,0.4092
0.7757,0.4069
0.7757,0.4046
0.7757,0.4023
0.7757,0.4
0.7757,0.3977
0.7757,0.3954
0.7757,0.3931
0.7757,0.3908
0.7757,0.38851
0.7757,0.38621
0.7757,0.38391
0.7757,0.38161
0.7757,0.37931
0.7757,0.37701
0.7757,0.37471
0.7757,0.37241
0.7757,0.37012
0.7757,0.36782
0.7757,0.36552
0.7757,0.36322
0.7757,0.36092
0.7757,0.35862
0.7757,0.35632
0.7757,0.35402
0.7757,0.35172
0.7757,0.34942
0.7757,0.34713
0.7757,0.34483
0.7757,0.34253
0.7757,0.34023
0.7757,0.33793
0.7757,0.33563
0.7757,0.33333
0.7757,0.33103
0.7757,0.32874
0.7757,0.32644
0.7757,0.32414
0.7757,0.32184
0.7757,0.31954
0.7757,0.31724
0.7757,0.31494
0.7757,0.31264
0.7757,0.31034
0.7757,0.30805
0.7757,0.30575
0.7757,0.30345
0.7757,0.30115
0.7757,0.29885
0.7757,0.29655
0.7757,0.29425
0.7757,0.29195
0.7757,0.28966
0.7757,0.28736
0.7757,0.28506
0.7757,0.28276
0.7757,0.28046
0.7757,0.27816
0.7757,0.27586
0.7757,0.27356
0.7757,0.27126
0.7757,0.26897
0.7757,0.26667
0.7757,0.26437
0.7757,0.26207
0.7757,0.25977
0.7757,0.25747
0.7757,0.25517
0.7757,0.25287
0.7757,0.25058
0.7757,0.24828
0.7757,0.24598
0.7757,0.24368
0.7757,0.24138
0.7757,0.23908
0.7757,0.23678
0.7757,0.23448
0.7757,0.23218
0.7757,0.22988
0.7757,0.22759
0.7757,0.22529
0.7757,0.22299
0.7757,0.22069
0.7757,0.21839
0.7757,0.21609
0.7757,0.21379
0.7757,0.21149
0.7757,0.2092
0.7757,0.2069
0.7757,0.2046
0.7757,0.2023
0.7757,0.2
0.7757,0.1977
0.7757,0.1954
0.7757,0.1931
0.7757,0.1908
0.7757,0.18851
0.7757,0.18621
0.7757,0.18391
0.7757,0.18161
0.7757,0.17931
0.7757,0.17701
0.7757,0.17471
0.7757,0.17241
0.7757,0.17012
0.7757,0.16782
0.7757,0.16552
0.7757,0.16322
0.7757,0.16092
0.7757,0.15862
0.7757,0.15632
0.7757,0.15402
0.7757,0.15172
0.7757,0.14942
0.7757,0.14713
0.7757,0.14483
0.7757,0.14253
0.7757,0.14023
0.7757,0.13793
0.7757,0.13563
0.7757,0.13333
0.7757,0.13103
0.7757,0.12874
0.7757,0.12644
0.7757,0.12414
0.7757,0.12184
0.7757,0.11954
0.7757,0.11724
0.7757,0.11494
0.7757,0.11264
0.7757,0.11034
0.7757,0.10805
0.7757,0.10575
0.7757,0.10345
0.7757,0.10115
0.7757,0.09885
0.7757,0.09655
0.7757,0.09425
0.7757,0.09195
0.7757,0.08966
0.7757,0.08736
0.7757,0.08506
0.7757,0.08276
0.7757,0.08046
0.7757,0.07816
0.7757,0.07586
0.7757,0.07356
0.7757,0.07126
0.7757,0.06897
0.7757,0.06667
0.7757,0.06437
0.7757,0.06207
0.7757,0.05977
0.7757,0.05747
0.7757,0.05517
0.7757,0.05287
0.7757,0.05058
0.7757,0.04828
0.7757,0.04598
0.7757,0.04368
0.7757,0.04138
0.7757,0.03908
0.7757,0.03678
0.7757,0.03448
0.7757,0.03218
0.7757,0.02988
0.7757,0.02759
0.7757,0.02529
0.7757,0.02299
0.7757,0.02069
0.7757,0.01839
0.7757,0.01609
0.7757,0.01379
0.7757,0.01149
0.7757,0.0092
0.7757,0.0069
0.7757,0.0046
0.7757,0.0023
0.7757,0.0
0.7757,1.0
0.7757,1.0
0.7757,1.0
0.7757,1.0
0.7757,1.0
0.7757,1.0
0.7757,1.0
0.7757,1.0
0.7757,1.0
0.7757,1.0
0.7757,1.0
0.7757,1.0
0.7757,1.0
0.7757,1.0
0.7757,1.0
0.7757,1.0
0.7757,1.0
0.7757,1.0
0.7757,1.0
0.7757,1.0
0.7757,1.0
0.7757,1.0
0.7757,1.0
0.7757,1.0
0.7757,1.0
0.7757,1.0
0.7757,1.0
0.7757,1.0
0.7757,1.0
0.7757,1.0
0.7757,1.0
0.7757,1.0
0.7757,1.0
0.7757,1.0
0.7757,1.0
0.7757,1.0
0.7757,1.0
0.7757,1.0
0.7757,1.0
0.7757,1.0
0.7757,1.0
0.7757,1.0
0.7757,1.0
0.7757,1.0
0.7757,1.0
0.7757,1.0
0.7757,1.0
0.7757,1.0
0.7757,1.0
0.7757,1.0
0.7757,1.0
0.7757,1.0
0.7757,1.0
0.7757,1.0
0.7757,1.0
0.7757,1.0
0.7757,1.0
0.7757,1.0
0.7757,1.0
0.7757,1.0
0.7757,1.0
0.7757,1.0
0.7757,1.0
0.7757,1.0
0.7757,1.0
0.7757,1.0
0.7757,1.0
0.7757,1.0
0.7757,1.0
0.7757,1.0
0.7757,1.0
0.7757,1.0
0.7757,1.0
0.7757,1.0
0.7757,1.0
0.7757,1.0
0.7757,1.0
0.7757,1.0
0.7757,1.0
0.7757,1.0
0.7757,1.0
0.7757,1.0
0.7757,1.0
0.7757,1.0
0.7757,1.0
0.7757,1.0
0.7757,1.0
0.7757,1.0
0.7757,1.0
0.7757,1.0
0.7757,1.0
0.7757,1.0
0.7757,1.0
0.7757,1.0
0.7757,1.0
0.7757,1.0
0.7757,1.0
0.7757,1.0
0.7757,1.0
0.7757,1.0
0.7757,1.0
0.7757,1.0
0.7757,1.0
0.7757,1.0
0.7757,1.0
0.7757,1.0
0.7757,1.0
0.7757,1.0
0.7757,1.0
0.7757,1.0
0.7757,1.0
0.7757,1.0
0.7757,1.0
0.7757,1.0
0.7757,1.0
0.7757,1.0
0.7757,1.0
0.7757,1.0
0.7757,1.0
0.7757,1.0
0.7757,1.0
0.7757,1.0
0.7757,1.0
0.7757,1.0
0.7757,1.0
0.7757,1.0
0.7757,1.0
0.7757,1.0
0.7757,1.0
0.7757,1.0
0.7757,1.0
0.7757,1.0
0.7757,1.0
0.7757,1.0
0.7757,1.0
0.7757,1.0
0.7757,1.0
0.7757,1.0
0.7757,1.0
0.7757,1.0
0.7757,1.0
0.7757,1.0
0.7757,1.0
0.7757,1.0
0.7757,1.0
0.7757,1.0
0.7757,1.0
0.7757,1.0
0.7757,1.0
0.7757,1.0
0.7757,1.0
0.7757,1.0
0.7757,1.0
0.7757,1.0
0.7757,1.0
0.7757,1.0
0.7757,1.0
0.7757,1.0
0.7757,1.0
0.7757,1.0
0.7757,1.0
0.7757,1.0
0.7757,1.0
0.7757,1.0
0.7757,1.0
0.7757,1.0
0.7757,1.0
0.7757,1.0
0.7757,1.0
0.7757,1.0
0.7757,1.0
0.7757,1.0
0.7757,1.0
0.7757,1.0
0.7757,1.0
0.7757,1.0
0.7757,1.0
0.7757,1.0
0.7757,1.0
0.7757,1.0
0.7757,1.0
0.7757,1.0
0.7757,1.0
0.7757,1.0
0.7757,1.0
0.7757,1.0
0.7757,1.0
0.7757,1.0
0.7757,1.0
0.7757,1.0
0.7757,1.0
0.7757,1.0
0.7757,1.0
0.7757,1.0
0.7757,1.0
0.7757,1.0
0.7757,1.0
0.7757,1.0
0.7757,1.0
0.7757,1.0
0.7757,1.0
0.7757,1.0
0.7757,1.0
0.7757,1.0
0.7757,1.0
0.7757,1.0
0.7757,1.0
0.7757,1.0
0.7757,1.0
0.7757,1.0
0.7757,1.0
0.7757,1.0
0.7757,1.0
0.7757,1.0
0.7757,1.0
0.7757,1.0
0.7757,1.0
0.7757,1.0
0.7757,1.0
0.7757,1.0
0.7757,1.0
0.7757,1.0
0.7757,1.0
0.7757,1.0
0.7757,1.0
0.7757,1.0
0.7757,1.0
0.7757,1.0
0.7757,1.0
0.7757,1.0
0.7757,1.0
0.7757,1.0
0.7757,1.0
0.7757,1.0
0.7757,1.0
0.7757,1.0
0.7757,1.0
0.7757,1.0
0.7757,1.0
0.7757,1.0
0.7757,1.0
0.7757,1.0
0.7757,1.0
0.7757,1.0
0.7757,1.0
0.7757,1.0
0.7757,1.0
0.7757,1.0
0.7757,1.0
0.7757,1.0
0.7757,1.0
0.7757,1.0
0.7757,1.0
0.7757,1.0
0.7757,1.0
0.7757,1.0
0.7757,1.0
0.7757,1.0
0.7757,1.0
0.7757,1.0
0.7757,1.0
0.7757,1.0
0.7757,1.0
0.7757,1.0
0.7757,1.0
0.7757,1.0
0.7757,1.0
0.7757,1.0
0.7757,1.0
0.7757,1.0
0.7757,1.0
0.7757,1.0
0.7757,1.0
0.7757,1.0
0.7757,1.0
0.7757,1.0
0.7757,1.0
0.7757,1.0
0.7757,1.0
0.7757,1.0
0.7757,1.0
0.7757,1.0
0.7757,1.0
0.7757,1.0
0.7757,1.0
0.7757,1.0
0.7757,1.0
0.7757,1.0
0.7757,1.0
0.7757,1.0
0.7757,1.0
0.7757,1.0
0.7757,1.0
0.7757,1.0
0.7757,1.0
0.7757,1.0
0.7757,1.0
0.7757,1.0
0.7757,1.0
0.7757,1.0
0.7757,1.0
0.7757,1.0
0.7757,1.0
0.7757,1.0
0.7757,1.0
0.7757,1.0
0.7757,1.0
0.7757,1.0
0.7757,1.0
0.7757,1.0
0.7757,1.0
0.7757,1.0
0.7757,1.0
0.7757,1.0
0.7757,1.0
0.7757,1.0
0.7757,1.0
0.7757,1.0
0.7757,1.0
0.7757,1.0
0.7757,1.0
0.7757,1.0
0.7757,1.0
0.7757,1.0
0.7757,1.0
0.7757,1.0
0.7757,1.0
0.7757,1.0
0.7757,1.0
0.7757,1.0
0.7757,1.0
0.7757,1.0
0.7757,1.0
0.7757,1.0
0.7757,1.0
0.7757,1.0
0.7757,1.0
0.7757,1.0
0.7757,1.0
0.7757,1.0
0.7757,1.0
0.7757,1.0
0.7757,1.0
0.7757,1.0
0.7757,1.0
0.7757,1.0
0.7757,1.0
0.7757,1.0
0.7757,1.0
0.7757,1.0
0.7757,1.0
0.7757,1.0
0.7757,1.0
0.7757,1.0
0.7757,1.0
0.7757,1.0
0.7757,1.0
0.7757,1.0
0.7757,1.0
0.7757,1.0
0.7757,1.0
0.7757,1.0
0.7757,1.0
0.7757,1.0
0.7757,1.0
0.7757,1.0
0.7757,1.0
0.7757,1.0
0.7757,1.0
0.7757,1.0
0.7757,1.0
0.7757,1.0
0.7757,1.0
0.7757,1.0
0.7757,1.0
0.7757,1.0
0.7757,1.0
0.7757,1.0
0.7757,1.0
0.7757,1.0
0.7757,1.0
0.7757,1.0
0.7757,1.0
0.7757,1.0
0.7757,1.0
0.7757,1.0
0.7757,1.0
0.7757,1.0
0.7757,1.0
0.7757,1.0
0.7757,1.0
0.7757,1.0
0.7757,1.0
0.7757,1.0
0.7757,1.0
0.7757,1.0
0.7757,1.0
0.7757,1.0
0.7757,1.0
0.7757,1.0
0.7757,1.0
0.7757,1.0
0.7757,1.0
0.7757,1.0
0.7757,1.0
0.7757,1.0
0.7757,1.0
0.7757,1.0
0.7757,1.0
0.7757,1.0
0.7757,1.0
0.7757,1.0
0.7757,1.0
0.7757,1.0
0.7757,1.0
0.7757,1.0
0.7757,1.0
0.7757,1.0
0.7757,1.0
0.7757,1.0
0.7757,1.0
0.7757,1.0
0.7757,1.0
0.7757,1.0
0.7757,1.0
0.7757,1.0
0.7757,1.0
0.7757,1.0
0.7757,1.0
0.7757,1.0
0.7757,1.0
0.7757,1.0
0.7757,1.0
0.7757,1.0
0.7757,1.0
0.7757,1.0
0.7757,1.0
0.7757,1.0
0.7757,1.0
0.7757,1.0
0.7757,1.0
0.7757,1.0
0.7757,1.0
0.7757,1.0
0.7757,1.0
0.7757,1.0
0.7757,1.0
0.7757,1.0
0.7757,1.0
0.7757,1.0
0.7757,1.0
0.7757,1.0
0.7757,1.0
0.7757,1.0
0.7757,1.0
0.7757,1.0
0.7757,1.0
0.7757,1.0
0.7757,1.0
0.7757,1.0
0.7757,1.0
0.7757,1.0
0.7757,1.0
0.7757,1.0
0.7757,1.0
0.7757,1.0
0.7757,1.0
0.7757,1.0
0.7757,1.0
0.7757,1.0
0.7757,1.0
0.7757,1.0
0.7757,1.0
0.7757,1.0
0.7757,1.0
0.7757,1.0
0.7757,1.0
0.7757,1.0
0.7757,1.0
0.7757,1.0
0.7757,1.0
0.7757,1.0
0.7757,1.0
0.7757,1.0
0.7757,1.0
0.7757,1.0
0.7757,1.0
0.7757,1.0
0.7757,1.0
0.7757,1.0
0.7757,1.0
0.7757,1.0
0.7757,1.0
0.7757,1.0
0.7757,1.0
0.7757,1.0
0.7757,1.0
0.7757,1.0
0.7757,1.0
0.7757,1.0
0.7757,1.0
0.7757,1.0
0.7757,1.0
0.7757,1.0
0.7757,1.0
0.7757,1.0
0.7757,1.0
0.7757,1.0
0.7757,1.0
0.7757,1.0
0.7757,1.0
0.7757,1.0
0.7757,1.0
0.7757,1.0
0.7757,1.0
0.7757,1.0
0.7757,1.0
0.7757,1.0
0.7757,1.0
0.7757,1.0
0.7757,1.0
0.7757,1.0
0.7757,1.0
0.7757,1.0
0.7757,1.0
0.7757,1.0
0.7757,1.0
0.7757,1.0
0.7757,1.0
0.7757,1.0
0.7757,1.0
0.7757,1.0
0.7757,1.0
0.7757,1.0
0.7757,1.0
0.7757,1.0
0.7757,1.0
0.7757,1.0
0.7757,1.0
0.7757,1.0
0.7757,1.0
0.7757,1.0
0.7757,1.0
0.7757,1.0
0.7757,1.0
0.7757,1.0
0.7757,1.0
0.7757,1.0
0.7757,1.0
0.7757,1.0
0.7757,1.0
0.7757,1.0
0.7757,1.0
0.7757,1.0
0.7757,1.0
0.7757,1.0
0.7757,1.0
0.7757,1.0
0.7757,1.0
0.7757,1.0
0.7757,1.0
0.7757,1.0
0.7757,1.0
0.7757,1.0
0.7757,1.0
0.7757,1.0
0.7757,1.0
0.7757,1.0
0.7757,1.0
0.7757,1.0
0.7757,1.0
0.7757,1.0
0.7757,1.0
0.7757,1.0
0.7757,1.0
0.7757,1.0
0.7757,1.0
0.7757,1.0
0.7757,1.0
0.7757,1.0
0.7757,1.0
0.7757,1.0
0.7757,1.0
0.7757,1.0
0.7757,1.0
0.7757,1.0
0.7757,1.0
0.7757,1.0
0.7757,1.0
0.7757,1.0
0.7757,1.0
0.7757,1.0
0.7757,1.0
0.7757,1.0
0.7757,1.0
0.7757,1.0
0.7757,1.0
0.7757,1.0
0.7757,1.0
0.7757,1.0
0.7757,1.0
0.7757,1.0
0.7757,1.0
0.7757,1.0
0.7757,1.0
0.7757,1.0
0.7757,1.0
0.7757,1.0
0.7757,1.0
0.7757,1.0
0.7757,1.0
0.7757,1.0
0.7757,1.0
0.7757,1.0
0.7757,1.0
0.7757,1.0
0.7757,1.0
0.7757,1.0
0.7757,1.0
0.7757,1.0
0.7757,1.0
0.7757,1.0
0.7757,1.0
0.7757,1.0
0.7757,1.0
0.7757,1.0
0.7757,1.0
0.7757,1.0
0.7757,1.0
0.7757,1.0
0.7757,1.0
0.7757,1.0
0.7757,1.0
0.7757,1.0
0.7757,1.0
0.7757,1.0
0.7757,1.0
0.7757,1.0
0.7757,1.0
0.7757,1.0
0.7757,1.0
0.7757,1.0
0.7757,1.0
0.7757,1.0
0.7757,1.0
0.7757,1.0
0.7757,1.0
0.7757,1.0
0.7757,1.0
0.7757,1.0
0.7757,1.0
0.7757,1.0
0.7757,1.0
0.7757,1.0
0.7757,1.0
0.7757,1.0
0.7757,1.0
0.7757,1.0
0.7757,1.0
0.7757,1.0
0.7757,1.0
0.7757,1.0
0.7757,1.0
0.7757,1.0
0.7757,1.0
0.7757,1.0
0.7757,1.0
0.7757,1.0
0.7757,1.0
0.7757,1.0
0.7757,1.0
0.7757,1.0
0.7757,1.0
0.7757,1.0
0.7757,1.0
0.7757,1.0
0.7757,1.0
0.7757,1.0
0.7757,1.0
0.7757,1.0
0.7757,1.0
0.7757,1.0
0.7757,1.0
0.7757,1.0
0.7757,1.0
0.7757,1.0
0.7757,1.0
0.7757,1.0
0.7757,1.0
0.7757,1.0
0.7757,1.0
0.7757,1.0
0.7757,1.0
0.7757,1.0
0.7757,1.0
0.7757,1.0
0.7757,1.0
0.7757,1.0
0.7757,1.0
0.7757,1.0
0.7757,1.0
0.7757,1.0
0.7757,1.0
0.7757,1.0
0.7757,1.0
0.7757,1.0
0.7757,1.0
0.7757,1.0
0.7757,1.0
0.7757,1.0
0.7757,1.0
0.7757,1.0
0.7757,1.0
0.7757,1.0
0.7757,1.0
0.7757,1.0
0.7757,1.0
0.7757,1.0
0.7757,1.0
0.7757,1.0
0.7757,1.0
0.7757,1.0
0.7757,1.0
0.7757,1.0
0.7757,1.0
0.7757,1.0
0.7757,1.0
0.7757,1.0
0.7757,1.0
0.7757,1.0
0.7757,1.0
0.7757,1.0
0.7757,1.0
0.7757,1.0
0.7757,1.0
0.7757,1.0
0.7757,1.0
0.7757,1.0
0.7757,1.0
0.7757,1.0
0.7757,1.0
0.7757,1.0
0.7757,1.0
0.7757,1.0
0.7757,1.0
0.7757,1.0
0.7757,1.0
0.7757,1.0
0.7757,1.0
0.7757,1.0
0.7757,1.0
0.7757,1.0
0.7757,1.0
0.7757,1.0
0.7757,1.0
0.7757,1.0
0.7757,1.0
0.7757,1.0
0.7757,1.0
0.7757,1.0
0.7757,1.0
0.7757,1.0
0.7757,1.0
0.7757,1.0
0.7757,1.0
0.7757,1.0
0.7757,1.0
0.7757,1.0
0.7757,1.0
0.7757,1.0
0.7757,1.0
0.7757,1.0
0.7757,1.0
0.7757,1.0
0.7757,1.0
0.7757,1.0
0.7757,1.0
0.7757,1.0
0.7757,1.0
0.7757,1.0
0.7757,1.0
0.7757,1.0
0.7757,1.0
0.7757,1.0
0.7757,1.0
0.7757,1.0
0.7757,1.0
0.7757,1.0
0.7757,1.0
0.7757,1.0
0.7757,1.0
0.7757,1.0
0.7757,1.0
0.7757,1.0
0.7757,1.0
0.7757,1.0
0.7757,1.0
0.7757,1.0
0.7757,1.0
0.7757,1.0
0.7757,1.0
0.7757,1.0
0.7757,1.0
0.7757,1.0
0.7757,1.0
0.7757,1.0
0.7757,1.0
0.7757,1.0
0.7757,1.0
0.7757,1.0
0.7757,1.0
0.7757,1.0
0.7757,1.0
0.7757,1.0
0.7757,1.0
0.7757,1.0
0.7757,1.0
0.7757,1.0
0.7757,1.0
0.7757,1.0
0.7757,1.0
0.7757,1.0
0.7757,1.0
0.7757,1.0
0.7757,1.0
0.7757,1.0
0.7757,1.0
0.7757,1.0
0.7757,1.0
0.7757,1.0
0.7757,1.0
0.7757,1.0
0.7757,1.0
0.7757,1.0
0.7757,1.0
0.7757,1.0
0.7757,1.0
0.7757,1.0
0.7757,1.0
0.7757,1.0
0.7757,1.0
0.7757,1.0
0.7757,1.0
0.7757,1.0
0.7757,1.0
0.7757,1.0
0.7757,1.0
0.7757,1.0
0.7757,1.0
0.7757,1.0
0.7757,1.0
0.7757,1.0
0.7757,1.0
0.7757,1.0
0.7757,1.0
0.7757,1.0
0.7757,1.0
0.7757,1.0
0.7757,1.0
0.7757,1.0
0.7757,1.0
0.7757,1.0
0.7757,1.0
0.7757,1.0
0.7757,1.0
0.7757,1.0
0.7757,1.0
0.7757,1.0
0.7757,1.0
0.7757,1.0
0.7757,1.0
0.7757,1.0
0.7757,1.0
0.7757,1.0
0.7757,1.0
0.7757,1.0
0.7757,1.0
0.7757,1.0
0.7757,1.0
0.7757,1.0
0.7757,1.0
0.7757,1.0
0.7757,1.0
0.7757,1.0
0.7757,1.0
0.7757,1.0
0.7757,1.0
0.7757,1.0
0.7757,1.0
0.7757,1.0
0.7757,1.0
0.7757,1.0
0.7757,1.0
0.7757,1.0
0.7757,1.0
0.7757,1.0
0.7757,1.0
0.7757,1.0
0.7757,1.0
0.7757,1.0
0.7757,1.0
0.7757,1.0
0.7757,1.0
0.7757,1.0
0.7757,1.0
0.7757,1.0
0.7757,1.0
0.7757,1.0
0.7757,1.0
0.7757,1.0
0.7757,1.0
0.7757,1.0
0.7757,1.0
0.7757,1.0
0.7757,1.0
0.7757,1.0
0.7757,1.0
0.7757,1.0
0.7757,1.0
0.7757,1.0
0.7757,1.0
0.7757,1.0
0.7757,1.0
0.7757,1.0
0.7757,1.0
0.7757,1.0
0.7757,1.0
0.7757,1.0
0.7757,1.0
0.7757,1.0
0.7757,1.0
0.7757,1.0
0.7757,1.0
0.7757,1.0
0.7757,1.0
0.7757,1.0
0.7757,1.0
0.7757,1.0
0.7757,1.0
0.7757,1.0
0.7757,1.0
0.7757,1.0
0.7757,1.0
0.7757,1.0
0.7757,1.0
0.7757,1.0
0.7757,1.0
0.7757,1.0
0.7757,1.0
0.7757,1.0
0.7757,1.0
0.7757,1.0
0.7757,1.0
0.7757,1.0
0.7757,1.0
0.7757,1.0
0.7757,1.0
0.7757,1.0
0.7757,1.0
0.7757,1.0
0.7757,1.0
0.7757,1.0
0.7757,1.0
0.7757,1.0
0.7757,1.0
0.7757,1.0
0.7757,1.0
0.7757,1.0
0.7757,1.0
0.7757,1.0
0.7757,1.0
0.7757,1.0
0.7757,1.0
0.7757,1.0
0.7757,1.0
0.7757,1.0
0.7757,1.0
0.7757,1.0
0.7757,1.0
0.7757,1.0
0.7757,1.0
0.7757,1.0
0.7757,1.0
0.7757,1.0
0.7757,1.0
0.7757,1.0
0.7757,1.0
0.7757,1.0
0.7757,1.0
0.7757,1.0
0.7757,1.0
0.7757,1.0
0.7757,1.0
0.7757,1.0
0.7757,1.0
0.7757,1.0
0.7757,1.0
0.7757,1.0
0.7757,1.0
0.7757,1.0
0.7757,1.0
0.7757,1.0
0.7757,1.0
0.7757,1.0
0.7757,1.0
0.7757,1.0
0.7757,1.0
0.7757,1.0
0.7757,1.0
0.7757,1.0
0.7757,1.0
0.7757,1.0
0.7757,1.0
0.7757,1.0
0.7757,1.0
0.7757,1.0
0.7757,1.0
0.7757,1.0
0.7757,1.0
0.7757,1.0
0.7757,1.0
0.7757,1.0
0.7757,1.0
0.7757,1.0
0.7757,1.0
0.7757,1.0
0.7757,1.0
0.7757,1.0
0.7757,1.0
0.7757,1.0
0.7757,1.0
0.7757,1.0
0.7757,1.0
0.7757,1.0
0.7757,1.0
0.7757,1.0
0.7757,1.0
0.7757,1.0
0.7757,1.0
0.7757,1.0
0.7757,1.0
0.7757,1.0
0.7757,1.0
0.7757,1.0
0.7757,1.0
0.7757,1.0
0.7757,1.0
0.7757,1.0
0.7757,1.0
0.7757,1.0
0.7757,1.0
0.7757,1.0
0.7757,1.0
0.7757,1.0
0.7757,1.0
0.7757,1.0
0.7757,1.0
0.7757,1.0
0.7757,1.0
0.7757,1.0
0.7757,1.0
0.7757,1.0
0.7757,1.0
0.7757,1.0
0.7757,1.0
0.7757,1.0
0.7757,1.0
0.7757,1.0
0.7757,1.0
0.7757,1.0
0.7757,1.0
0.7757,1.0
0.7757,1.0
0.7757,1.0
0.7757,1.0
0.7757,1.0
0.7757,1.0
0.7757,1.0
0.7757,1.0
0.7757,1.0
0.7757,1.0
0.7757,1.0
0.7757,1.0
0.7757,1.0
0.7757,1.0
0.7757,1.0
0.7757,1.0
0.7757,1.0
0.7757,1.0
0.7757,1.0
0.7757,1.0
0.7757,1.0
0.7757,1.0
0.7757,1.0
0.7757,1.0
0.7757,1.0
0.7757,1.0
0.7757,1.0
0.7757,1.0
0.7757,1.0
0.7757,1.0
0.7757,1.0
0.7757,1.0
0.7757,1.0
0.7757,1.0
0.7757,1.0
0.7757,1.0
0.7757,1.0
0.7757,1.0
0.7757,1.0
0.7757,1.0
0.7757,1.0
0.7757,1.0
0.7757,1.0
0.7757,1.0
0.7757,1.0
0.7757,1.0
0.7757,1.0
0.7757,1.0
0.7757,1.0
0.7757,1.0
0.7757,1.0
0.7757,1.0
0.7757,1.0
0.7757,1.0
0.7757,1.0
0.7757,1.0
0.7757,1.0
0.7757,1.0
0.7757,1.0
0.7757,1.0
0.7757,1.0
0.7757,1.0
0.7757,1.0
0.7757,1.0
0.7757,1.0
0.7757,1.0
0.7757,1.0
0.7757,1.0
0.7757,1.0
0.7757,1.0
0.7757,1.0
0.7757,1.0
0.7757,1.0
0.7757,1.0
0.7757,1.0
0.7757,1.0
0.7757,1.0
0.7757,1.0
0.7757,1.0
0.7757,1.0
0.7757,1.0
0.7757,1.0
0.7757,1.0
0.7757,1.0
0.7757,1.0
0.7757,1.0
0.7757,1.0
0.7757,1.0
0.7757,1.0
0.7757,1.0
0.7757,1.0
0.7757,1.0
0.7757,1.0
0.7757,1.0
0.7757,1.0
0.7757,1.0
0.7757,1.0
0.7757,1.0
0.7757,1.0
0.7757,1.0
0.7757,1.0
0.7757,1.0
0.7757,1.0
0.7757,1.0
0.7757,1.0
0.7757,1.0
0.7757,1.0
0.7757,1.0
0.7757,1.0
0.7757,1.0
0.7757,1.0
0.7757,1.0
0.7757,1.0
0.7757,1.0
0.7757,1.0
0.7757,1.0
0.7757,1.0
0.7757,0.99916
0.7757,0.99832
0.7757,0.99747
0.7757,0.99663
0.7757,0.99579
0.7757,0.99494
0.7757,0.9941
0.7757,0.99326
0.7757,0.99242
0.7757,0.99158
0.7757,0.99073
0.7757,0.98989
0.7757,0.98905
0.7757,0.98821
0.7757,0.98736
0.7757,0.98652
0.7757,0.98568
0.7757,0.98484
0.7757,0.98399
0.7757,0.98315
0.7757,0.98231
0.7757,0.98147
0.7757,0.98062
0.7757,0.97978
0.7757,0.97894
0.7757,0.9781
0.7757,0.97725
0.7757,0.97641
0.7757,0.97557
0.7757,0.97473
0.7757,0.97388
0.7757,0.97304
0.7757,0.9722
0.7757,0.97136
0.7757,0.97051
0.7757,0.96967
0.7757,0.96883
0.7757,0.96799
0.7757,0.96714
0.7757,0.9663
0.7757,0.96546
0.7757,0.96462
0.7757,0.96377
0.7757,0.96293
0.7757,0.96209
0.7757,0.96125
0.7757,0.9604
0.7757,0.95956
0.7757,0.95872
0.7757,0.95788
0.7757,0.95704
0.7757,0.95619
0.7757,0.95535
0.7757,0.95451
0.7757,0.95366
0.7757,0.95282
0.7757,0.95198
0.7757,0.95114
0.7757,0.9503
0.7757,0.94945
0.7757,0.94861
0.7757,0.94777
0.7757,0.94692
0.7757,0.94608
0.7757,0.94524
0.7757,0.9444
0.7757,0.94356
0.7757,0.94271
0.7757,0.94187
0.7757,0.94103
0.7757,0.94018
0.7757,0.93934
0.7757,0.9385
0.7757,0.93766
0.7757,0.93682
0.7757,0.93597
0.7757,0.93513
0.7757,0.93429
0.7757,0.93345
0.7757,0.9326
0.7757,0.93176
0.7757,0.93092
0.7757,0.93008
0.7757,0.92923
0.7757,0.92839
0.7757,0.92755
0.7757,0.92671
0.7757,0.92586
0.7757,0.92502
0.7757,0.92418
0.7757,0.92334
0.7757,0.92249
0.7757,0.92165
0.7757,0.92081
0.7757,0.91997
0.7757,0.91912
0.7757,0.91828
0.7757,0.91744
0.7757,0.9166
0.7757,0.91575
0.7757,0.91491
0.7757,0.91407
0.7757,0.91323
0.7757,0.91238
0.7757,0.91154
0.7757,0.9107
0.7757,0.90986
0.7757,0.90901
0.7757,0.90817
0.7757,0.90733
0.7757,0.90649
0.7757,0.90564
0.7757,0.9048
0.7757,0.90396
0.7757,0.90312
0.7757,0.90228
0.7757,0.90143
0.7757,0.90059
0.7757,0.89975
0.7757,0.8989
0.7757,0.89806
0.7757,0.89722
0.7757,0.89638
0.7757,0.89554
0.7757,0.89469
0.7757,0.89385
0.7757,0.89301
0.7757,0.89216
0.7757,0.89132
0.7757,0.89048
0.7757,0.88964
0.7757,0.8888
0.7757,0.88795
0.7757,0.88711
0.7757,0.88627
0.7757,0.88542
0.7757,0.88458
0.7757,0.88374
0.7757,0.8829
0.7757,0.88206
0.7757,0.88121
0.7757,0.88037
0.7757,0.87953
0.7757,0.87869
0.7757,0.87784
0.7757,0.877
0.7757,0.87616
0.7757,0.87532
0.7757,0.87447
0.7757,0.87363
0.7757,0.87279
0.7757,0.87195
0.7757,0.8711
0.7757,0.87026
0.7757,0.86942
0.7757,0.86858
0.7757,0.86773
0.7757,0.86689
0.7757,0.86605
0.7757,0.86521
0.7757,0.86436
0.7757,0.86352
0.7757,0.86268
0.7757,0.86184
0.7757,0.86099
0.7757,0.86015
0.7757,0.85931
0.7757,0.85847
0.7757,0.85762
0.7757,0.85678
0.7757,0.85594
0.7757,0.8551
0.7757,0.85425
0.7757,0.85341
0.7757,0.85257
0.7757,0.85173
0.7757,0.85088
0.7757,0.85004
0.7757,0.8492
0.7757,0.84836
0.7757,0.84752
0.7757,0.84667
0.7757,0.84583
0.7757,0.84499
0.7757,0.84414
0.7757,0.8433
0.7757,0.84246
0.7757,0.84162
0.7757,0.84078
0.7757,0.83993
0.7757,0.83909
0.7757,0.83825
0.7757,0.8374
0.7757,0.83656
0.7757,0.83572
0.7757,0.83488
0.7757,0.83404
0.7757,0.83319
0.7757,0.83235
0.7757,0.83151
0.7757,0.83067
0.7757,0.82982
0.7757,0.82898
0.7757,0.82814
0.7757,0.8273
0.7757,0.82645
0.7757,0.82561
0.7757,0.82477
0.7757,0.82393
0.7757,0.82308
0.7757,0.82224
0.7757,0.8214
0.7757,0.82056
0.7757,0.81971
0.7757,0.81887
0.7757,0.81803
0.7757,0.81719
0.7757,0.81634
0.7757,0.8155
0.7757,0.81466
0.7757,0.81382
0.7757,0.81297
0.7757,0.81213
0.7757,0.81129
0.7757,0.81045
0.7757,0.8096
0.7757,0.80876
0.7757,0.80792
0.7757,0.80708
0.7757,0.80623
0.7757,0.80539
0.7757,0.80455
0.7757,0.80371
0.7757,0.80286
0.7757,0.80202
0.7757,0.80118
0.7757,0.80034
0.7757,0.7995
0.7757,0.79865
0.7757,0.79781
0.7757,0.79697
0.7757,0.79612
0.7757,0.79528
0.7757,0.79444
0.7757,0.7936
0.7757,0.79276
0.7757,0.79191
0.7757,0.79107
0.7757,0.79023
0.7757,0.78938
0.7757,0.78854
0.7757,0.7877
0.7757,0.78686
0.7757,0.78602
0.7757,0.78517
0.7757,0.78433
0.7757,0.78349
0.7757,0.78264
0.7757,0.7818
0.7757,0.78096
0.7757,0.78012
0.7757,0.77928
0.7757,0.77843
0.7757,0.77759
0.7757,0.77675
0.7757,0.77591
0.7757,0.77506
0.7757,0.77422
0.7757,0.77338
0.7757,0.77254
0.7757,0.77169
0.7757,0.77085
0.7757,0.77001
0.7757,0.76917
0.7757,0.76832
0.7757,0.76748
0.7757,0.76664
0.7757,0.7658
0.7757,0.76495
0.7757,0.76411
0.7757,0.76327
0.7757,0.76243
0.7757,0.76158
0.7757,0.76074
0.7757,0.7599
0.7757,0.75906
0.7757,0.75821
0.7757,0.75737
0.7757,0.75653
0.7757,0.75569
0.7757,0.75484
0.7757,0.754
0.7757,0.75316
0.7757,0.75232
0.7757,0.75147
0.7757,0.75063
0.7757,0.74979
0.7757,0.74895
0.7757,0.7481
0.7757,0.74726
0.7757,0.74642
0.7757,0.74558
0.7757,0.74474
0.7757,0.74389
0.7757,0.74305
0.7757,0.74221
0.7757,0.74136
0.7757,0.74052
0.7757,0.73968
0.7757,0.73884
0.7757,0.738
0.7757,0.73715
0.7757,0.73631
0.7757,0.73547
0.7757,0.73462
0.7757,0.73378
0.7757,0.73294
0.7757,0.7321
0.7757,0.73126
0.7757,0.73041
0.7757,0.72957
0.7757,0.72873
0.7757,0.72788
0.7757,0.72704
0.7757,0.7262
0.7757,0.72536
0.7757,0.72452
0.7757,0.72367
0.7757,0.72283
0.7757,0.72199
0.7757,0.72115
0.7757,0.7203
0.7757,0.71946
0.7757,0.71862
0.7757,0.71778
0.7757,0.71693
0.7757,0.71609
0.7757,0.71525
0.7757,0.71441
0.7757,0.71356
0.7757,0.71272
0.7757,0.71188
0.7757,0.71104
0.7757,0.71019
0.7757,0.70935
0.7757,0.70851
0.7757,0.70767
0.7757,0.70682
0.7757,0.70598
0.7757,0.70514
0.7757,0.7043
0.7757,0.70345
0.7757,0.70261
0.7757,0.70177
0.7757,0.70093
0.7757,0.70008
0.7757,0.69924
0.7757,0.6984
0.7757,0.69756
0.7757,0.69671
0.7757,0.69587
0.7757,0.69503
0.7757,0.69419
0.7757,0.69334
0.7757,0.6925
0.7757,0.69166
0.7757,0.69082
0.7757,0.68998
0.7757,0.68913
0.7757,0.68829
0.7757,0.68745
0.7757,0.6866
0.7757,0.68576
0.7757,0.68492
0.7757,0.68408
0.7757,0.68324
0.7757,0.68239
0.7757,0.68155
0.7757,0.68071
0.7757,0.67986
0.7757,0.67902
0.7757,0.67818
0.7757,0.67734
0.7757,0.6765
0.7757,0.67565
0.7757,0.67481
0.7757,0.67397
0.7757,0.67313
0.7757,0.67228
0.7757,0.67144
0.7757,0.6706
0.7757,0.66976
0.7757,0.66891
0.7757,0.66807
0.7757,0.66723
0.7757,0.66639
0.7757,0.66554
0.7757,0.6647
0.7757,0.66386
0.7757,0.66302
0.7757,0.66217
0.7757,0.66133
0.7757,0.66049
0.7757,0.65965
0.7757,0.6588
0.7757,0.65796
0.7757,0.65712
0.7757,0.65628
0.7757,0.65543
0.7757,0.65459
0.7757,0.65375
0.7757,0.65291
0.7757,0.65206
0.7757,0.65122
0.7757,0.65038
0.7757,0.64954
0.7757,0.64869
0.7757,0.64785
0.7757,0.64701
0.7757,0.64617
0.7757,0.64532
0.7757,0.64448
0.7757,0.64364
0.7757,0.6428
0.7757,0.64196
0.7757,0.64111
0.7757,0.64027
0.7757,0.63943
0.7757,0.63858
0.7757,0.63774
0.7757,0.6369
0.7757,0.63606
0.7757,0.63522
0.7757,0.63437
0.7757,0.63353
0.7757,0.63269
0.7757,0.63184
0.7757,0.631
0.7757,0.63016
0.7757,0.62932
0.7757,0.62848
0.7757,0.62763
0.7757,0.62679
0.7757,0.62595
0.7757,0.62511
0.7757,0.62426
0.7757,0.62342
0.7757,0.62258
0.7757,0.62173
0.7757,0.62089
0.7757,0.62005
0.7757,0.61921
0.7757,0.61837
0.7757,0.61752
0.7757,0.61668
0.7757,0.61584
0.7757,0.615
0.7757,0.61415
0.7757,0.61331
0.7757,0.61247
0.7757,0.61163
0.7757,0.61078
0.7757,0.60994
0.7757,0.6091
0.7757,0.60826
0.7757,0.60741
0.7757,0.60657
0.7757,0.60573
0.7757,0.60489
0.7757,0.60404
0.7757,0.6032
0.7757,0.60236
0.7757,0.60152
0.7757,0.60067
0.7757,0.59983
0.7757,0.59899
0.7757,0.59815
0.7757,0.5973
0.7757,0.59646
0.7757,0.59562
0.7757,0.59478
0.7757,0.59393
0.7757,0.59309
0.7757,0.59225
0.7757,0.59141
0.7757,0.59056
0.7757,0.58972
0.7757,0.58888
0.7757,0.58804
0.7757,0.58719
0.7757,0.58635
0.7757,0.58551
0.7757,0.58467
0.7757,0.58382
0.7757,0.58298
0.7757,0.58214
0.7757,0.5813
0.7757,0.58046
0.7757,0.57961
0.7757,0.57877
0.7757,0.57793
0.7757,0.57708
0.7757,0.57624
0.7757,0.5754
0.7757,0.57456
0.7757,0.57371
0.7757,0.57287
0.7757,0.57203
0.7757,0.57119
0.7757,0.57034
0.7757,0.5695
0.7757,0.56866
0.7757,0.56782
0.7757,0.56698
0.7757,0.56613
0.7757,0.56529
0.7757,0.56445
0.7757,0.56361
0.7757,0.56276
0.7757,0.56192
0.7757,0.56108
0.7757,0.56024
0.7757,0.55939
0.7757,0.55855
0.7757,0.55771
0.7757,0.55687
0.7757,0.55602
0.7757,0.55518
0.7757,0.55434
0.7757,0.5535
0.7757,0.55265
0.7757,0.55181
0.7757,0.55097
0.7757,0.55013
0.7757,0.54928
0.7757,0.54844
0.7757,0.5476
0.7757,0.54676
0.7757,0.54591
0.7757,0.54507
0.7757,0.54423
0.7757,0.54339
0.7757,0.54254
0.7757,0.5417
0.7757,0.54086
0.7757,0.54002
0.7757,0.53917
0.7757,0.53833
0.7757,0.53749
0.7757,0.53665
0.7757,0.5358
0.7757,0.53496
0.7757,0.53412
0.7757,0.53328
0.7757,0.53244
0.7757,0.53159
0.7757,0.53075
0.7757,0.52991
0.7757,0.52906
0.7757,0.52822
0.7757,0.52738
0.7757,0.52654
0.7757,0.5257
0.7757,0.52485
0.7757,0.52401
0.7757,0.52317
0.7757,0.52232
0.7757,0.52148
0.7757,0.52064
0.7757,0.5198
0.7757,0.51896
0.7757,0.51811
0.7757,0.51727
0.7757,0.51643
0.7757,0.51559
0.7757,0.51474
0.7757,0.5139
0.7757,0.51306
0.7757,0.51222
0.7757,0.51137
0.7757,0.51053
0.7757,0.50969
0.7757,0.50885
0.7757,0.508
0.7757,0.50716
0.7757,0.50632
0.7757,0.50548
0.7757,0.50463
0.7757,0.50379
0.7757,0.50295
0.7757,0.50211
0.7757,0.50126
0.7757,0.50042
0.7757,0.49958
0.7757,0.49874
0.7757,0.49789
0.7757,0.49705
0.7757,0.49621
0.7757,0.49537
0.7757,0.49452
0.7757,0.49368
0.7757,0.49284
0.7757,0.492
0.7757,0.49115
0.7757,0.49031
0.7757,0.48947
0.7757,0.48863
0.7757,0.48778
0.7757,0.48694
0.7757,0.4861
0.7757,0.48526
0.7757,0.48441
0.7757,0.48357
0.7757,0.48273
0.7757,0.48189
0.7757,0.48104
0.7757,0.4802
0.7757,0.47936
0.7757,0.47852
0.7757,0.47768
0.7757,0.47683
0.7757,0.47599
0.7757,0.47515
0.7757,0.4743
0.7757,0.47346
0.7757,0.47262
0.7757,0.47178
0.7757,0.47094
0.7757,0.47009
0.7757,0.46925
0.7757,0.46841
0.7757,0.46756
0.7757,0.46672
0.7757,0.46588
0.7757,0.46504
0.7757,0.4642
0.7757,0.46335
0.7757,0.46251
0.7757,0.46167
0.7757,0.46083
0.7757,0.45998
0.7757,0.45914
0.7757,0.4583
0.7757,0.45746
0.7757,0.45661
0.7757,0.45577
0.7757,0.45493
0.7757,0.45409
0.7757,0.45324
0.7757,0.4524
0.7757,0.45156
0.7757,0.45072
0.7757,0.44987
0.7757,0.44903
0.7757,0.44819
0.7757,0.44735
0.7757,0.4465
0.7757,0.44566
0.7757,0.44482
0.7757,0.44398
0.7757,0.44313
0.7757,0.44229
0.7757,0.44145
0.7757,0.44061
0.7757,0.43976
0.7757,0.43892
0.7757,0.43808
0.7757,0.43724
0.7757,0.43639
0.7757,0.43555
0.7757,0.43471
0.7757,0.43387
0.7757,0.43302
0.7757,0.43218
0.7757,0.43134
0.7757,0.4305
0.7757,0.42966
0.7757,0.42881
0.7757,0.42797
0.7757,0.42713
0.7757,0.42628
0.7757,0.42544
0.7757,0.4246
0.7757,0.42376
0.7757,0.42292
0.7757,0.42207
0.7757,0.42123
0.7757,0.42039
0.7757,0.41954
0.7757,0.4187
0.7757,0.41786
0.7757,0.41702
0.7757,0.41618
0.7757,0.41533
0.7757,0.41449
0.7757,0.41365
0.7757,0.4128
0.7757,0.41196
0.7757,0.41112
0.7757,0.41028
0.7757,0.40944
0.7757,0.40859
0.7757,0.40775
0.7757,0.40691
0.7757,0.40607
0.7757,0.40522
0.7757,0.40438
0.7757,0.40354
0.7757,0.4027
0.7757,0.40185
0.7757,0.40101
0.7757,0.40017
0.7757,0.39933
0.7757,0.39848
0.7757,0.39764
0.7757,0.3968
0.7757,0.39596
0.7757,0.39511
0.7757,0.39427
0.7757,0.39343
0.7757,0.39259
0.7757,0.39174
0.7757,0.3909
0.7757,0.39006
0.7757,0.38922
0.7757,0.38837
0.7757,0.38753
0.7757,0.38669
0.7757,0.38585
0.7757,0.385
0.7757,0.38416
0.7757,0.38332
0.7757,0.38248
0.7757,0.38163
0.7757,0.38079
0.7757,0.37995
0.7757,0.37911
0.7757,0.37826
0.7757,0.37742
0.7757,0.37658
0.7757,0.37574
0.7757,0.3749
0.7757,0.37405
0.7757,0.37321
0.7757,0.37237
0.7757,0.37152
0.7757,0.37068
0.7757,0.36984
0.7757,0.369
0.7757,0.36816
0.7757,0.36731
0.7757,0.36647
0.7757,0.36563
0.7757,0.36478
0.7757,0.36394
0.7757,0.3631
0.7757,0.36226
0.7757,0.36142
0.7757,0.36057
0.7757,0.35973
0.7757,0.35889
0.7757,0.35804
0.7757,0.3572
0.7757,0.35636
0.7757,0.35552
0.7757,0.35468
0.7757,0.35383
0.7757,0.35299
0.7757,0.35215
0.7757,0.35131
0.7757,0.35046
0.7757,0.34962
0.7757,0.34878
0.7757,0.34794
0.7757,0.34709
0.7757,0.34625
0.7757,0.34541
0.7757,0.34457
0.7757,0.34372
0.7757,0.34288
0.7757,0.34204
0.7757,0.3412
0.7757,0.34035
0.7757,0.33951
0.7757,0.33867
0.7757,0.33783
0.7757,0.33698
0.7757,0.33614
0.7757,0.3353
0.7757,0.33446
0.7757,0.33361
0.7757,0.33277
0.7757,0.33193
0.7757,0.33109
0.7757,0.33024
0.7757,0.3294
0.7757,0.32856
0.7757,0.32772
0.7757,0.32687
0.7757,0.32603
0.7757,0.32519
0.7757,0.32435
0.7757,0.32351
0.7757,0.32266
0.7757,0.32182
0.7757,0.32098
0.7757,0.32014
0.7757,0.31929
0.7757,0.31845
0.7757,0.31761
0.7757,0.31677
0.7757,0.31592
0.7757,0.31508
0.7757,0.31424
0.7757,0.3134
0.7757,0.31255
0.7757,0.31171
0.7757,0.31087
0.7757,0.31002
0.7757,0.30918
0.7757,0.30834
0.7757,0.3075
0.7757,0.30665
0.7757,0.30581
0.7757,0.30497
0.7757,0.30413
0.7757,0.30329
0.7757,0.30244
0.7757,0.3016
0.7757,0.30076
0.7757,0.29992
0.7757,0.29907
0.7757,0.29823
0.7757,0.29739
0.7757,0.29655
0.7757,0.2957
0.7757,0.29486
0.7757,0.29402
0.7757,0.29318
0.7757,0.29233
0.7757,0.29149
0.7757,0.29065
0.7757,0.28981
0.7757,0.28896
0.7757,0.28812
0.7757,0.28728
0.7757,0.28644
0.7757,0.28559
0.7757,0.28475
0.7757,0.28391
0.7757,0.28307
0.7757,0.28222
0.7757,0.28138
0.7757,0.28054
0.7757,0.2797
0.7757,0.27885
0.7757,0.27801
0.7757,0.27717
0.7757,0.27633
0.7757,0.27548
0.7757,0.27464
0.7757,0.2738
0.7757,0.27296
0.7757,0.27212
0.7757,0.27127
0.7757,0.27043
0.7757,0.26959
0.7757,0.26874
0.7757,0.2679
0.7757,0.26706
0.7757,0.26622
0.7757,0.26537
0.7757,0.26453
0.7757,0.26369
0.7757,0.26285
0.7757,0.262
0.7757,0.26116
0.7757,0.26032
0.7757,0.25948
0.7757,0.25864
0.7757,0.25779
0.7757,0.25695
0.7757,0.25611
0.7757,0.25526
0.7757,0.25442
0.7757,0.25358
0.7757,0.25274
0.7757,0.2519
0.7757,0.25105
0.7757,0.25021
0.7757,0.24937
0.7757,0.24853
0.7757,0.24768
0.7757,0.24684
0.7757,0.246
0.7757,0.24516
0.7757,0.24431
0.7757,0.24347
0.7757,0.24263
0.7757,0.24179
0.7757,0.24094
0.7757,0.2401
0.7757,0.23926
0.7757,0.23842
0.7757,0.23757
0.7757,0.23673
0.7757,0.23589
0.7757,0.23505
0.7757,0.2342
0.7757,0.23336
0.7757,0.23252
0.7757,0.23168
0.7757,0.23083
0.7757,0.22999
0.7757,0.22915
0.7757,0.22831
0.7757,0.22746
0.7757,0.22662
0.7757,0.22578
0.7757,0.22494
0.7757,0.22409
0.7757,0.22325
0.7757,0.22241
0.7757,0.22157
0.7757,0.22072
0.7757,0.21988
0.7757,0.21904
0.7757,0.2182
0.7757,0.21736
0.7757,0.21651
0.7757,0.21567
0.7757,0.21483
0.7757,0.21398
0.7757,0.21314
0.7757,0.2123
0.7757,0.21146
0.7757,0.21062
0.7757,0.20977
0.7757,0.20893
0.7757,0.20809
0.7757,0.20724
0.7757,0.2064
0.7757,0.20556
0.7757,0.20472
0.7757,0.20388
0.7757,0.20303
0.7757,0.20219
0.7757,0.20135
0.7757,0.2005
0.7757,0.19966
0.7757,0.19882
0.7757,0.19798
0.7757,0.19714
0.7757,0.19629
0.7757,0.19545
0.7757,0.19461
0.7757,0.19377
0.7757,0.19292
0.7757,0.19208
0.7757,0.19124
0.7757,0.1904
0.7757,0.18955
0.7757,0.18871
0.7757,0.18787
0.7757,0.18703
0.7757,0.18618
0.7757,0.18534
0.7757,0.1845
0.7757,0.18366
0.7757,0.18281
0.7757,0.18197
0.7757,0.18113
0.7757,0.18029
0.7757,0.17944
0.7757,0.1786
0.7757,0.17776
0.7757,0.17692
0.7757,0.17607
0.7757,0.17523
0.7757,0.17439
0.7757,0.17355
0.7757,0.1727
0.7757,0.17186
0.7757,0.17102
0.7757,0.17018
0.7757,0.16933
0.7757,0.16849
0.7757,0.16765
0.7757,0.16681
0.7757,0.16596
0.7757,0.16512
0.7757,0.16428
0.7757,0.16344
0.7757,0.1626
0.7757,0.16175
0.7757,0.16091
0.7757,0.16007
0.7757,0.15922
0.7757,0.15838
0.7757,0.15754
0.7757,0.1567
0.7757,0.15586
0.7757,0.15501
0.7757,0.15417
0.7757,0.15333
0.7757,0.15248
0.7757,0.15164
0.7757,0.1508
0.7757,0.14996
0.7757,0.14912
0.7757,0.14827
0.7757,0.14743
0.7757,0.14659
0.7757,0.14575
0.7757,0.1449
0.7757,0.14406
0.7757,0.14322
0.7757,0.14238
0.7757,0.14153
0.7757,0.14069
0.7757,0.13985
0.7757,0.13901
0.7757,0.13816
0.7757,0.13732
0.7757,0.13648
0.7757,0.13564
0.7757,0.13479
0.7757,0.13395
0.7757,0.13311
0.7757,0.13227
0.7757,0.13142
0.7757,0.13058
0.7757,0.12974
0.7757,0.1289
0.7757,0.12805
0.7757,0.12721
0.7757,0.12637
0.7757,0.12553
0.7757,0.12468
0.7757,0.12384
0.7757,0.123
0.7757,0.12216
0.7757,0.12131
0.7757,0.12047
0.7757,0.11963
0.7757,0.11879
0.7757,0.11794
0.7757,0.1171
0.7757,0.11626
0.7757,0.11542
0.7757,0.11458
0.7757,0.11373
0.7757,0.11289
0.7757,0.11205
0.7757,0.1112
0.7757,0.11036
0.7757,0.10952
0.7757,0.10868
0.7757,0.10784
0.7757,0.10699
0.7757,0.10615
0.7757,0.10531
0.7757,0.10446
0.7757,0.10362
0.7757,0.10278
0.7757,0.10194
0.7757,0.1011
0.7757,0.10025
0.7757,0.09941
0.7757,0.09857
0.7757,0.09772
0.7757,0.09688
0.7757,0.09604
0.7757,0.0952
0.7757,0.09436
0.7757,0.09351
0.7757,0.09267
0.7757,0.09183
0.7757,0.09099
0.7757,0.09014
0.7757,0.0893
0.7757,0.08846
0.7757,0.08762
0.7757,0.08677
0.7757,0.08593
0.7757,0.08509
0.7757,0.08425
0.7757,0.0834
0.7757,0.08256
0.7757,0.08172
0.7757,0.08088
0.7757,0.08003
0.7757,0.07919
0.7757,0.07835
0.7757,0.07751
0.7757,0.07666
0.7757,0.07582
0.7757,0.07498
0.7757,0.07414
0.7757,0.07329
0.7757,0.07245
0.7757,0.07161
0.7757,0.07077
0.7757,0.06992
0.7757,0.06908
0.7757,0.06824
0.7757,0.0674
0.7757,0.06655
0.7757,0.06571
0.7757,0.06487
0.7757,0.06403
0.7757,0.06318
0.7757,0.06234
0.7757,0.0615
0.7757,0.06066
0.7757,0.05982
0.7757,0.05897
0.7757,0.05813
0.7757,0.05729
0.7757,0.05644
0.7757,0.0556
0.7757,0.05476
0.7757,0.05392
0.7757,0.05308
0.7757,0.05223
0.7757,0.05139
0.7757,0.05055
0.7757,0.0497
0.7757,0.04886
0.7757,0.04802
0.7757,0.04718
0.7757,0.04634
0.7757,0.04549
0.7757,0.04465
0.7757,0.04381
0.7757,0.04296
0.7757,0.04212
0.7757,0.04128
0.7757,0.04044
0.7757,0.0396
0.7757,0.03875
0.7757,0.03791
0.7757,0.03707
0.7757,0.03623
0.7757,0.03538
0.7757,0.03454
0.7757,0.0337
0.7757,0.03286
0.7757,0.03201
0.7757,0.03117
0.7757,0.03033
0.7757,0.02949
0.7757,0.02864
0.7757,0.0278
0.7966,0.02696
0.7966,0.02612
0.7966,0.02527
0.7966,0.02443
0.7966,0.02359
0.7966,0.02275
0.7966,0.0219
0.7966,0.02106
0.7966,0.02022
0.7966,0.01938
0.7966,0.01853
0.7966,0.01769
0.7966,0.01685
0.7966,0.01601
0.7966,0.01516
0.7966,0.01432
0.7966,0.01348
0.7966,0.01264
0.7966,0.01179
0.7966,0.01095
0.7966,0.01011
0.7966,0.00927
0.7966,0.00842
0.7966,0.00758
0.7966,0.00674
0.7966,0.0059
0.7966,0.00506
0.7966,0.00421
0.7966,0.00337
0.7966,0.00253
0.7966,0.00168
0.7966,0.00084
0.7966,0.0
